PO Number,Vendor,Equipment Category,Qty,Unit Price,Order Date,Promised Date,Delivered Date,Site
PO-24-00001,Allied Commercial ,Electrical Panel,5,"$5,396.17",2024-01-01,02/11/2024,2024-02-11,MA-Burlington
PO-24-00002,Harbor Rest. Equip.,Stainless Prep Table,2,"$1,158.67",2024-01-02,2024-01-11,2024-01-11,PA-King of Prussia
PO-24-00003,SUMMIT EQUIPMENT CO,Ice Machine,5,3726.28,2024-01-02,01/18/2024,01/20/2024,NJ-Union
PO-24-00004,Northline  Foodservice ,Fryer,16,"$3,663.51",2024-01-02,Jan 21 2024,01/18/2024,NY-Manhattan
PO-24-00005,NORTHLINE FOODSERVICE,WALK-IN COOLER,1,"$23,729.31",01/02/2024,2024-02-28,03/04/2024,MA-Burlington
PO-24-00006,Allied Commercial Inc.,Ice Machine,8,"$3,232.58",01/03/2024,2024-01-17,2024-01-27,MA-Burlington
PO-24-00007,HARBOR RESTAURANT EQUIPMENT,Stainless Prep Table,2,"1,239 USD",2024-01-04,2024-01-14,2024-01-14,NY-Westchester
PO-24-00008,SUMMIT EQUIPMENT CO,Electrical Panel,17,5856.43,2024-01-04,2024-02-16,02/16/2024,NY-Westchester
PO-24-00009,Metro FSE,Electrical Panel,1,6085.03,2024-01-05,Feb 19 2024,02/17/2024,MA-Burlington
PO-24-00010,Allied Commercial Inc.,Combi Oven,4,"$17,405.96",2024-01-05,02/12/2024,2024-02-09,NJ-Union
PO-24-00011,Keystone Kitchen Supply LLC,Ice Machine,1,3888.22,2024-01-06,01/21/2024,Feb 18 2024,NY-Manhattan
PO-24-00012,HARBOR RESTAURANT EQUIPMENT,Dish Machine,8,11054.11,01/07/2024,2024-01-27,Jan 26 2024,PA-King of Prussia
PO-24-00013,NORTHLINE FOODSERVICE,Electrical Panel,15,5555.83,01/07/2024,2024-02-21,02/19/2024,PA-King of Prussia
PO-24-00014,Metro FSE,Reach-in Refrigerator,6,"$4,834.15",01/09/2024,Jan 25 2024,Jan 22 2024,MA-Burlington
PO-24-00341,Allied Commercial ,Combi Oven,1,17479.15,Sep 12 2024,10/26/2024,2024-10-23,MA-Burlington
PO-24-00015,ALLIED COMMERCIAL,Fryer,3,"3,769 USD",2024-01-09,2024-01-30,2024-01-28,NY-Manhattan
PO-24-00016,Metro FSE LLC,Induction Range,11,"$6,269.60",01/10/2024,2024-02-08,2024-02-23,NY-Manhattan
PO-24-00017,Keystone Kitchen Supply,Reach-in Refrigerator,1,4870.47,Jan 12 2024,01/31/2024,2024-01-28,MA-Burlington
PO-24-00018,SUMMIT EQUIPMENT CO,FRYER,2,4570.37,Jan 12 2024,2024-02-05,2024-02-06,NY-Manhattan
PO-24-00019,Northline Foodservice Inc.,Fryer,2,"$42,644.30",2024-01-12,02/04/2024,02/01/2024,NJ-Paramus
PO-24-00020,ALLIED COMMERCIAL,Reach-in Refrigerator,3,"$4,798.39",2024-01-13,2024-02-02,2024-02-01,NY-Westchester
PO-24-00021,Keystone Kitchen Supply LLC,Combi Oven,1,"$18,178.62",Jan 13 2024,Feb 17 2024,02/15/2024,NJ-Union
PO-24-00022,NORTHLINE FOODSERVICE,Fryer,20,"$3,656.95",01/14/2024,2024-02-10,02/10/2024,NJ-Paramus
PO-24-00023,Keystone Kitchen Supply LLC,Dish Machine,5,"9,788 USD",2024-01-15,Feb 22 2024,2024-03-11,MA-Burlington
PO-24-00024,Allied Commercial ,Exhaust Hood,6,8318.76,2024-01-15,Mar 09 2024,2024-03-06,NJ-Paramus
PO-24-00025,Keystone Kitchen Supply,Combi Oven,4,"17,853 USD",2024-01-16,02/15/2024,2024-02-14,NY-Westchester
PO-24-00026,Allied Commercial Inc.,FRYER,2,"$3,957.06",2024-01-17,02/06/2024,Feb 04 2024,PA-King of Prussia
PO-24-00027,Keystone Kitchen Supply,STAINLESS PREP TABLE,1,1080.48,2024-01-19,2024-01-26,2024-01-29,PA-King of Prussia
PO-24-00028,Harbor Restaurant Equipment,Fryer,23,3924.74,01/20/2024,02/10/2024,Feb 10 2024,NJ-Union
PO-24-00029,KEYSTONE KITCHEN SUPPLY,Induction Range,5,"6,937 USD",2024-01-20,2024-02-15,2024-02-12,NY-Westchester
PO-24-00230,Keystone Kitchen Sup.,Combi Oven,4,"$18,583.68",2024-06-25,Jul 24 2024,2024-07-23,NJ-Paramus
PO-26-01071,Summit Equipment Co.,Ice Machine,5,"$3,961.77",2026-04-17,04/29/2026,2026-04-26,NJ-Union
PO-24-00030,ALLIED COMMERCIAL,Induction Range,1,66722.00,2024-01-20,2024-02-13,Feb 11 2024,NJ-Union
PO-24-00031,Allied Commercial ,Combi Oven,6,"$15,939.94",2024-01-21,Mar 02 2024,2024-02-29,MA-Burlington
PO-24-00032,Allied Commercial ,Ice Machine,22,3253.70,2024-01-21,02/03/2024,2024-02-02,NJ-Paramus
PO-24-00033,NORTHLINE FOODSERVICE,Combi Oven,3,17467.87,2024-01-22,2024-03-06,03/03/2024,NY-Manhattan
PO-24-00034,Keystone Kitchen Supply,Fryer,17,"$3,587.13",2024-01-23,02/17/2024,2024-02-15,NJ-Union
PO-24-00035,Northline  Foodservice ,STAINLESS PREP TABLE,12,"1,050 USD",01/24/2024,Feb 05 2024,2024-02-09,NY-Westchester
PO-24-00036,Summit Equipment Co.,Stainless Prep Table,21,1051.50,2024-01-26,02/03/2024,02/03/2024,NY-Westchester
PO-24-00037,METRO FSE,Ice Machine,11,"$3,232.82",2024-01-27,Feb 09 2024,02/13/2024,NY-Manhattan
PO-24-00038,Northline  Foodservice ,Stainless Prep Table,14,"$1,047.10",01/27/2024,2024-02-06,02/05/2024,NJ-Paramus
PO-24-00039,Northline Foodservice Inc.,Ice Machine,4,"$3,729.15",01/28/2024,02/10/2024,2024-02-12,NJ-Union
PO-24-00040,Keystone Kitchen Sup.,Reach-in Refrigerator,3,"4,972 USD",01/28/2024,Feb 15 2024,03/21/2024,PA-King of Prussia
PO-24-00041,Keystone Kitchen Sup.,Exhaust Hood,4,"$9,105.98",2024-01-29,2024-04-02,04/07/2024,NJ-Paramus
PO-24-00042,Allied Commercial,Reach-in Refrigerator,4,4724.64,Jan 31 2024,2024-02-20,2024-02-19,MA-Burlington
PO-24-00043,Keystone Kitchen Sup.,Fryer,16,3583.81,01/31/2024,2024-02-16,2024-02-16,NY-Manhattan
PO-24-00044,Summit Equipment Co.,Induction Range,0,"$8,412.42",02/01/2024,Mar 01 2024,2024-02-29,MA-Burlington
PO-24-00045,HARBOR RESTAURANT EQUIPMENT,Ice Machine,21,3384.53,Feb 04 2024,2024-02-22,2024-02-20,NY-Westchester
PO-24-00046,Summit Equipment Co.,Dish Machine,5,"11,598 USD",02/05/2024,03/08/2024,2024-03-07,NJ-Paramus
PO-24-00047,Metro FSE LLC,Dish Machine,8,"$10,132.59",2024-02-06,Mar 07 2024,Mar 07 2024,NJ-Paramus
PO-24-00048,Keystone Kitchen Supply LLC,Dish Machine,6,"9,682 USD",2024-02-06,2024-03-05,03/02/2024,NJ-Paramus
PO-24-00049,Northline Foodservice Inc.,Dish Machine,1,11447.77,2024-02-07,2024-03-07,2024-03-04,MA-Burlington
PO-24-00050,SUMMIT EQUIPMENT CO,Ice Machine,2,"3,988 USD",2024-02-10,2024-02-24,02/24/2024,MA-Burlington
PO-24-00051,Harbor Restaurant Equipment,Exhaust Hood,6,"9,239 USD",02/10/2024,2024-04-11,Apr 10 2024,NY-Manhattan
PO-24-00052,Keystone Kitchen Sup.,Combi Oven,1,"$16,841.87",Feb 11 2024,2024-03-26,2024-03-25,PA-King of Prussia
PO-24-00053,NORTHLINE FOODSERVICE,Combi Oven,1,"$18,887.82",Feb 12 2024,2024-03-15,03/12/2024,NY-Westchester
PO-24-00054,Summit Equipment Co,Reach-in Refrigerator,2,5670.48,02/13/2024,03/02/2024,02/29/2024,NY-Westchester
PO-24-00055,Northline  Foodservice ,Induction Range,2,"$7,862.79",02/13/2024,2024-03-11,2024-03-10,NJ-Paramus
PO-24-00056,Northline Foodservice,Walk-in Cooler,2,"$23,736.86",02/14/2024,03/31/2024,2024-03-31,MA-Burlington
PO-24-00057,Summit Equipment Co,Reach-in Refrigerator,1,"$5,834.12",2024-02-14,2024-03-07,03/07/2024,MA-Burlington
PO-24-00058,NORTHLINE FOODSERVICE,Fryer,20,"$3,528.27",02/15/2024,Mar 10 2024,2024-03-09,NY-Westchester
PO-24-00059,Northline Foodservice Inc.,Induction Range,2,7528.02,2024-02-15,Mar 14 2024,2024-03-14,NJ-Paramus
PO-24-00060,SUMMIT EQUIPMENT CO,Walk-in Cooler,3,"$24,149.13",2024-02-16,2024-04-20,2024-04-18,NJ-Union
PO-24-00061,ALLIED COMMERCIAL,Electrical Panel,17,"$5,324.15",2024-02-19,04/02/2024,2024-05-11,MA-Burlington
PO-24-00062,Harbor Restaurant Equipment,Induction Range,10,6783.35,2024-02-20,2024-03-20,2024-03-20,NY-Manhattan
PO-25-00465,Northline  Foodservice ,Exhaust Hood,6,"9,751 USD",01/11/2025,2025-03-17,Mar 14 2025,NY-Westchester
PO-24-00063,Northline Foodservice,ELECTRICAL PANEL,24,"$5,695.27",2024-02-21,2024-04-08,2024-04-05,PA-King of Prussia
PO-24-00064,Allied Commercial ,Reach-in Refrigerator,1,"$4,756.47",Feb 22 2024,03/15/2024,2024-03-14,NY-Westchester
PO-24-00065,Northline Foodservice Inc.,Reach-in Refrigerator,20,"4,326 USD",Feb 22 2024,2024-03-05,03/14/2024,NJ-Union
PO-24-00066,Summit Equipment Co.,Combi Oven,3,20503.60,Feb 24 2024,Apr 11 2024,04/08/2024,MA-Burlington
PO-24-00067,METRO FSE,Dish Machine,17,9930.80,2024-02-24,Mar 23 2024,2024-03-29,NJ-Paramus
PO-24-00068,Metro FSE,Walk-in Cooler,2,"$24,618.86",02/25/2024,04/28/2024,2024-04-28,NY-Manhattan
PO-24-00069,Harbor Rest. Equip.,Exhaust Hood,3,"10,180 USD",02/25/2024,04/30/2024,2024-04-28,PA-King of Prussia
PO-24-00070,METRO FSE,Walk-in Cooler,6,"$22,897.36",2024-02-25,05/12/2024,05/12/2024,NJ-Paramus
PO-24-00071,Allied Commercial ,FRYER,4,"$3,853.46",2024-02-25,2024-03-20,03/19/2024,MA-Burlington
PO-24-00072,METRO FSE,Dish Machine,2,"$11,416.85",Feb 27 2024,2024-04-13,04/13/2024,NY-Westchester
PO-24-00073,Metro FSE,Induction Range,3,7260.61,02/27/2024,03/19/2024,2024-04-03,NY-Manhattan
PO-24-00074,Allied Commercial Inc.,ELECTRICAL PANEL,18,"5,136 USD",2024-02-29,2024-04-13,04/13/2024,PA-King of Prussia
PO-24-00075,Harbor Restaurant Equipment,Stainless Prep Table,5,"$1,140.76",Feb 29 2024,03/11/2024,Mar 11 2024,MA-Burlington
PO-24-00076,ALLIED COMMERCIAL,REACH-IN REFRIGERATOR,1,"$4,764.99",Feb 29 2024,Mar 17 2024,2024-03-20,NY-Manhattan
PO-24-00077,Northline Foodservice,Electrical Panel,11,"5,815 USD",2024-03-01,Apr 09 2024,04/09/2024,PA-King of Prussia
PO-24-00078,Keystone Kitchen Supply LLC,Combi Oven,3,18114.67,2024-03-01,04/14/2024,May 20 2024,NJ-Paramus
PO-24-00079,ALLIED COMMERCIAL,Fryer,2,3764.93,03/02/2024,Mar 27 2024,05/20/2024,NJ-Paramus
PO-24-00080,HARBOR RESTAURANT EQUIPMENT,Combi Oven,3,19422.90,Mar 02 2024,2024-04-14,2024-04-12,PA-King of Prussia
PO-24-00081,METRO FSE,Ice Machine,4,"3,830 USD",2024-03-03,2024-03-18,2024-03-16,NJ-Union
PO-24-00082,Summit Equipment Co.,Induction Range,2,7847.46,2024-03-05,04/03/2024,Apr 04 2024,NY-Manhattan
PO-26-01086,Northline Foodservice,COMBI OVEN,4,20609.86,05/06/2026,06/16/2026,06/14/2026,PA-King of Prussia
PO-24-00083,Harbor Restaurant Equipment,Dish Machine,3,"11,786 USD",03/05/2024,03/28/2024,2024-03-25,NY-Westchester
PO-24-00084,Keystone Kitchen Supply,Combi Oven,5,"16,367 USD",03/05/2024,Apr 11 2024,Apr 09 2024,PA-King of Prussia
PO-24-00085,Allied Commercial,Ice Machine,8,"3,328 USD",2024-03-06,Mar 25 2024,Mar 25 2024,MA-Burlington
PO-24-00086,Summit Equipment Co,Walk-in Cooler,3,"$24,749.84",Mar 08 2024,2024-06-04,2024-06-04,NY-Manhattan
PO-24-00087,HARBOR RESTAURANT EQUIPMENT,Exhaust Hood,5,"$9,356.99",2024-03-08,2024-04-21,04/20/2024,NY-Westchester
PO-24-00088,Summit Equipment Co,Reach-in Refrigerator,1,5752.22,2024-03-08,2024-03-22,2024-03-21,NY-Westchester
PO-24-00089,Harbor Restaurant Equipment,Induction Range,14,6783.42,03/11/2024,2024-04-07,04/05/2024,MA-Burlington
PO-24-00090,Metro FSE LLC,Reach-in Refrigerator,18,4479.55,03/13/2024,2024-04-03,2024-04-03,PA-King of Prussia
PO-24-00091,METRO FSE,ELECTRICAL PANEL,4,6075.69,Mar 13 2024,2024-05-02,05/02/2024,NY-Manhattan
PO-24-00092,ALLIED COMMERCIAL,REACH-IN REFRIGERATOR,1,"4,626 USD",2024-03-14,Mar 29 2024,2024-03-27,NY-Westchester
PO-24-00093,SUMMIT EQUIPMENT CO,Reach-in Refrigerator,1,"$5,428.05",Mar 15 2024,Mar 27 2024,Mar 25 2024,NJ-Paramus
PO-24-00094,Harbor Restaurant Equipment,Induction Range,2,"$7,579.77",Mar 17 2024,2024-04-15,Apr 14 2024,NJ-Union
PO-24-00095,KEYSTONE KITCHEN SUPPLY,DISH MACHINE,3,"$10,732.17",Mar 17 2024,05/04/2024,05/02/2024,NJ-Union
PO-24-00096,SUMMIT EQUIPMENT CO,Exhaust Hood,2,10928.69,2024-03-18,2024-05-14,May 12 2024,MA-Burlington
PO-24-00097,Keystone Kitchen Supply LLC,Fryer,1,"$4,022.08",03/19/2024,2024-04-12,04/10/2024,PA-King of Prussia
PO-24-00098,Keystone Kitchen Supply LLC,Fryer,17,3447.36,03/19/2024,2024-04-03,2024-04-02,PA-King of Prussia
PO-24-00099,Metro FSE LLC,Fryer,15,"3,615 USD",Mar 19 2024,04/04/2024,2024-04-03,NY-Westchester
PO-24-00100,NORTHLINE FOODSERVICE,Exhaust Hood,3,"$9,942.59",2024-03-23,2024-05-21,2024-05-21,NY-Westchester
PO-24-00101,Metro FSE,Dish Machine,1,"11,251 USD",03/23/2024,,2024-04-26,PA-King of Prussia
PO-24-00102,HARBOR RESTAURANT EQUIPMENT,Stainless Prep Table,5,"$1,106.85",03/23/2024,2024-04-03,2024-03-31,NJ-Paramus
PO-24-00103,NORTHLINE FOODSERVICE,Fryer,3,"4,143 USD",2024-03-24,04/11/2024,04/08/2024,NJ-Paramus
PO-24-00104,METRO FSE,Reach-in Refrigerator,3,"5,225 USD",2024-03-25,2024-04-13,04/14/2024,NJ-Union
PO-24-00105,Harbor Restaurant Equipment,Exhaust Hood,2,10390.04,2024-03-26,May 23 2024,May 20 2024,NJ-Paramus
PO-24-00106,METRO FSE,Reach-in Refrigerator,9,"$4,690.63",2024-03-27,2024-04-16,04/15/2024,NY-Manhattan
PO-24-00107,Keystone Kitchen Supply LLC,Fryer,7,"$3,581.62",2024-03-28,2024-04-15,04/12/2024,NJ-Paramus
PO-24-00108,SUMMIT EQUIPMENT CO,Walk-in Cooler,5,24598.44,Mar 30 2024,05/21/2024,2024-05-18,MA-Burlington
PO-24-00109,Summit Equipment Co.,Walk-in Cooler,5,23707.79,2024-03-31,06/01/2024,2024-06-01,MA-Burlington
PO-24-00110,Northline Foodservice Inc.,Fryer,2,4087.34,2024-04-01,2024-04-23,04/22/2024,NJ-Union
PO-24-00111,HARBOR RESTAURANT EQUIPMENT,Walk-in Cooler,1,"26,327 USD",2024-04-01,May 27 2024,2024-05-25,NJ-Paramus
PO-24-00112,Harbor Restaurant Equipment,Reach-in Refrigerator,6,5122.00,2024-04-02,2024-04-24,04/24/2024,MA-Burlington
PO-24-00113,Summit Equipment Co.,Stainless Prep Table,1,"$1,203.79",04/02/2024,04/12/2024,2024-04-10,NJ-Union
PO-24-00114,Metro FSE,INDUCTION RANGE,2,7868.69,2024-04-04,05/05/2024,May 03 2024,NJ-Paramus
PO-24-00115,Allied Commercial,Ice Machine,4,"$3,386.09",2024-04-05,04/18/2024,2024-04-17,NJ-Union
PO-24-00116,Harbor Rest. Equip.,Dish Machine,2,"11,992 USD",2024-04-05,2024-04-28,2024-04-25,PA-King of Prussia
PO-24-00117,SUMMIT EQUIPMENT CO,Ice Machine,7,3704.76,2024-04-05,2024-04-22,2024-04-20,NY-Manhattan
PO-24-00118,Summit Equipment Co.,Induction Range,7,7411.78,04/06/2024,2024-04-30,2024-04-30,NJ-Union
PO-24-00119,Keystone Kitchen Supply LLC,Exhaust Hood,2,"9,916 USD",2024-04-07,2024-06-08,2024-06-05,NY-Manhattan
PO-24-00120,KEYSTONE KITCHEN SUPPLY,Electrical Panel,8,5407.24,04/07/2024,2024-05-24,2024-05-21,MA-Burlington
PO-24-00121,Allied Commercial Inc.,Stainless Prep Table,1,1058.68,Apr 08 2024,2024-04-16,04/16/2024,NJ-Paramus
PO-24-00122,SUMMIT EQUIPMENT CO,Combi Oven,3,20421.29,04/09/2024,May 15 2024,May 13 2024,NY-Manhattan
PO-24-00123,Allied Commercial,Fryer,2,"$4,063.28",2024-04-10,2024-04-28,2024-04-28,NJ-Paramus
PO-24-00124,Harbor Restaurant Equipment,INDUCTION RANGE,15,"$6,784.52",2024-04-10,05/05/2024,2024-05-04,MA-Burlington
PO-24-00125,Northline Foodservice Inc.,Induction Range,1,7596.86,2024-04-11,May 09 2024,05/06/2024,NY-Manhattan
PO-24-00126,Harbor Restaurant Equipment,Walk-in Cooler,2,"$26,228.31",04/12/2024,2024-06-13,2024-06-12,NY-Westchester
PO-24-00127,Harbor Rest. Equip.,Exhaust Hood,1,"10,665 USD",04/12/2024,2024-05-21,2024-05-21,MA-Burlington
PO-24-00128,NORTHLINE FOODSERVICE,Induction Range,4,"$7,833.65",2024-04-13,2024-05-13,2024-05-10,PA-King of Prussia
PO-24-00129,HARBOR RESTAURANT EQUIPMENT,Walk-in Cooler,5,"$22,314.83",2024-04-14,Jun 14 2024,2024-06-14,NY-Manhattan
PO-24-00130,SUMMIT EQUIPMENT CO,Ice Machine,15,3682.05,2024-04-15,05/01/2024,2024-04-28,NY-Manhattan
PO-24-00131,ALLIED COMMERCIAL,Ice Machine,21,"$3,172.96",2024-04-15,05/02/2024,2024-08-21,NJ-Union
PO-24-00132,Allied Commercial Inc.,Reach-in Refrigerator,11,4037.09,2024-04-17,,2024-05-04,NY-Manhattan
PO-24-00133,Harbor Restaurant Equipment,Fryer,2,"$4,268.65",Apr 17 2024,May 11 2024,2024-05-11,NJ-Paramus
PO-24-00134,Allied Commercial ,Exhaust Hood,2,"$9,137.30",2024-04-18,05/19/2024,05/17/2024,PA-King of Prussia
PO-24-00135,Keystone Kitchen Supply LLC,Combi Oven,2,18455.89,Apr 18 2024,May 30 2024,May 29 2024,NY-Manhattan
PO-24-00136,Metro FSE LLC,Ice Machine,2,3745.59,2024-04-18,May 03 2024,04/30/2024,NJ-Paramus
PO-24-00137,ALLIED COMMERCIAL,ELECTRICAL PANEL,1,5886.02,04/22/2024,06/12/2024,Jun 10 2024,NY-Manhattan
PO-24-00138,NORTHLINE FOODSERVICE,Fryer,2,4250.82,2024-04-22,2024-05-05,2024-05-04,NJ-Union
PO-24-00139,Metro FSE,Induction Range,9,7016.89,2024-04-23,05/24/2024,2024-05-22,PA-King of Prussia
PO-24-00140,Northline Foodservice Inc.,Exhaust Hood,5,8801.24,04/23/2024,06/21/2024,2024-06-20,NJ-Union
PO-24-00141,Summit Equipment Co,Stainless Prep Table,3,"1,216 USD",2024-04-24,May 01 2024,2024-04-29,PA-King of Prussia
PO-24-00142,HARBOR RESTAURANT EQUIPMENT,Dish Machine,3,"$12,299.09",2024-04-26,06/04/2024,2024-06-01,PA-King of Prussia
PO-24-00143,Summit Equipment Co.,Exhaust Hood,4,10903.79,2024-04-27,Jul 06 2024,Jul 08 2024,NY-Westchester
PO-24-00144,Harbor Restaurant Equipment,Exhaust Hood,4,"10,201 USD",Apr 27 2024,Jun 02 2024,06/02/2024,NY-Westchester
PO-24-00145,Keystone Kitchen Supply,Reach-in Refrigerator,7,"$4,376.54",2024-04-28,05/14/2024,05/21/2024,NY-Westchester
PO-24-00146,METRO FSE,Ice Machine,0,"3,979 USD",2024-04-28,2024-05-11,05/10/2024,NJ-Paramus
PO-24-00147,Northline Foodservice,Induction Range,4,"$7,464.14",04/28/2024,06/01/2024,May 30 2024,NJ-Union
PO-24-00148,Harbor Restaurant Equipment,Stainless Prep Table,2,"$1,258.33",04/28/2024,May 08 2024,05/07/2024,PA-King of Prussia
PO-24-00149,ALLIED COMMERCIAL,Exhaust Hood,6,"$8,330.06",2024-04-30,06/22/2024,2024-06-19,NY-Manhattan
PO-24-00150,Harbor Restaurant Equipment,Reach-in Refrigerator,6,"5,273 USD",2024-04-30,2024-05-21,2024-05-18,NY-Manhattan
PO-24-00151,Keystone Kitchen Sup.,Ice Machine,3,"$3,746.72",05/03/2024,05/14/2024,May 11 2024,NJ-Union
PO-24-00152,SUMMIT EQUIPMENT CO,Stainless Prep Table,8,"1,176 USD",05/04/2024,May 17 2024,05/16/2024,NJ-Paramus
PO-24-00153,Keystone Kitchen Supply,Electrical Panel,16,"$5,113.51",May 04 2024,07/01/2024,2024-07-30,NJ-Paramus
PO-24-00154,Northline  Foodservice ,Exhaust Hood,2,"$10,462.68",2024-05-05,06/26/2024,Jun 24 2024,MA-Burlington
PO-24-00155,Summit Equipment Co,Exhaust Hood,3,"$10,317.85",2024-05-05,2024-06-17,06/15/2024,MA-Burlington
PO-24-00156,Keystone Kitchen Supply,Combi Oven,2,18100.49,05/06/2024,2024-06-24,06/21/2024,NY-Westchester
PO-24-00157,Metro FSE LLC,Exhaust Hood,3,"$9,755.92",May 06 2024,Jul 06 2024,07/04/2024,NY-Manhattan
PO-24-00158,Northline  Foodservice ,Induction Range,2,7442.50,2024-05-06,2024-05-31,05/30/2024,NY-Westchester
PO-24-00159,HARBOR RESTAURANT EQUIPMENT,Fryer,1,"4,387 USD",2024-05-08,May 28 2024,May 25 2024,NJ-Union
PO-24-00160,Northline Foodservice Inc.,Walk-in Cooler,2,"$23,531.70",2024-05-11,2024-07-18,2024-07-16,MA-Burlington
PO-24-00161,Northline Foodservice Inc.,Reach-in Refrigerator,10,"$4,707.20",2024-05-12,May 28 2024,2024-05-25,PA-King of Prussia
PO-24-00162,Harbor Rest. Equip.,Walk-in Cooler,2,25109.32,2024-05-13,2024-07-21,2024-07-19,PA-King of Prussia
PO-24-00163,Harbor Restaurant Equipment,Fryer,2,"$4,287.57",2024-05-14,Jun 06 2024,Jun 04 2024,NY-Westchester
PO-24-00164,Metro FSE LLC,Dish Machine,10,10436.58,05/14/2024,2024-06-16,Jun 15 2024,PA-King of Prussia
PO-24-00165,KEYSTONE KITCHEN SUPPLY,Fryer,4,"$3,809.91",05/15/2024,Jun 09 2024,06/07/2024,PA-King of Prussia
PO-24-00166,Metro FSE,Ice Machine,3,"$3,925.85",2024-05-15,2024-06-02,2024-06-02,NJ-Union
PO-24-00167,HARBOR RESTAURANT EQUIPMENT,Fryer,8,"3,931 USD",2024-05-15,Jun 06 2024,2024-06-04,MA-Burlington
PO-24-00168,Summit Equipment Co,Induction Range,9,7608.75,May 16 2024,2024-06-23,06/20/2024,NY-Westchester
PO-24-00169,Metro FSE LLC,Ice Machine,1,"3,953 USD",05/16/2024,2024-06-04,06/02/2024,NY-Manhattan
PO-24-00170,Summit Equipment Co.,Reach-in Refrigerator,4,5386.38,05/17/2024,Jun 01 2024,2024-06-01,NY-Manhattan
PO-24-00171,Metro FSE,Electrical Panel,8,"$5,827.97",2024-05-17,Jun 24 2024,06/23/2024,NJ-Union
PO-24-00172,Harbor Restaurant Equipment,Fryer,4,"4,227 USD",2024-05-17,Jun 09 2024,2024-06-07,PA-King of Prussia
PO-24-00173,Keystone Kitchen Supply,Dish Machine,2,"$11,038.69",2024-05-18,06/27/2024,2024-06-27,NY-Westchester
PO-24-00174,Allied Commercial Inc.,Fryer,3,"$3,943.73",2024-05-19,06/09/2024,2024-06-07,NY-Westchester
PO-24-00175,Harbor Restaurant Equipment,Electrical Panel,4,6493.11,2024-05-20,Jul 19 2024,07/16/2024,NY-Westchester
PO-24-00176,NORTHLINE FOODSERVICE,Walk-in Cooler,4,"22,953 USD",05/20/2024,2024-07-11,2024-07-08,MA-Burlington
PO-24-00177,Keystone Kitchen Supply,Electrical Panel,8,"$5,727.12",05/21/2024,2024-07-07,Jul 12 2024,NJ-Paramus
PO-24-00178,SUMMIT EQUIPMENT CO,Walk-in Cooler,3,"$25,224.15",May 22 2024,07/03/2024,Jul 02 2024,NY-Manhattan
PO-24-00179,NORTHLINE FOODSERVICE,Electrical Panel,2,6614.65,May 22 2024,07/12/2024,2024-07-11,NY-Westchester
PO-24-00180,HARBOR RESTAURANT EQUIPMENT,Electrical Panel,2,"6,854 USD",2024-05-23,2024-07-13,2024-07-12,MA-Burlington
PO-24-00181,Summit Equipment Co,Combi Oven,2,"19,838 USD",2024-05-23,06/21/2024,2024-06-18,PA-King of Prussia
PO-24-00182,Summit Equipment Co.,Walk-in Cooler,4,"27,087 USD",05/24/2024,2024-08-17,Aug 15 2024,NJ-Union
PO-24-00183,Northline Foodservice,Combi Oven,4,"18,026 USD",May 25 2024,06/30/2024,2024-06-28,NY-Westchester
PO-24-00184,SUMMIT EQUIPMENT CO,Stainless Prep Table,2,"1,225 USD",05/25/2024,2024-06-01,2024-06-01,PA-King of Prussia
PO-24-00185,Northline Foodservice Inc.,Reach-in Refrigerator,1,5470.41,2024-05-25,06/07/2024,06/07/2024,NY-Westchester
PO-24-00186,Harbor Rest. Equip.,Walk-in Cooler,1,"24,691 USD",2024-05-25,Aug 14 2024,2024-08-14,NJ-Union
PO-24-00187,Metro FSE LLC,Fryer,6,"$3,771.25",2024-05-26,Jun 19 2024,06/16/2024,MA-Burlington
PO-24-00188,Northline  Foodservice ,Induction Range,19,"$6,869.52",2024-05-26,06/12/2024,06/09/2024,PA-King of Prussia
PO-24-00189,Keystone Kitchen Supply LLC,Electrical Panel,4,"$5,868.78",05/27/2024,Jul 10 2024,2024-07-09,PA-King of Prussia
PO-24-00190,ALLIED COMMERCIAL,Electrical Panel,1,"57,552 USD",05/27/2024,2024-07-28,07/27/2024,PA-King of Prussia
PO-24-00191,Harbor Rest. Equip.,Combi Oven,3,19471.02,2024-05-29,Jul 09 2024,07/08/2024,PA-King of Prussia
PO-24-00192,Northline  Foodservice ,Induction Range,13,"$6,465.45",2024-05-29,2024-06-20,06/20/2024,MA-Burlington
PO-24-00193,Northline  Foodservice ,Combi Oven,1,"18,901 USD",2024-05-30,2024-06-30,Jun 30 2024,PA-King of Prussia
PO-24-00194,KEYSTONE KITCHEN SUPPLY,Dish Machine,1,"10,603 USD",2024-05-30,06/25/2024,Jul 01 2024,NY-Manhattan
PO-24-00195,Harbor Restaurant Equipment,Stainless Prep Table,1,"$1,156.03",2024-05-31,2024-06-08,2024-06-05,NJ-Union
PO-24-00196,Allied Commercial,REACH-IN REFRIGERATOR,2,4717.76,Jun 01 2024,2024-06-14,2024-06-13,PA-King of Prussia
PO-24-00197,Keystone Kitchen Supply LLC,Walk-in Cooler,3,22413.07,Jun 01 2024,2024-07-11,Jul 08 2024,NJ-Union
PO-24-00198,Northline Foodservice,Walk-in Cooler,1,"23,546 USD",2024-06-01,08/03/2024,08/14/2024,PA-King of Prussia
PO-24-00199,Allied Commercial ,Walk-in Cooler,4,"22,724 USD",06/03/2024,08/15/2024,2024-08-12,NJ-Paramus
PO-24-00200,Allied Commercial Inc.,Dish Machine,5,10165.68,2024-06-04,2024-06-30,07/19/2024,PA-King of Prussia
PO-24-00201,NORTHLINE FOODSERVICE,Induction Range,11,6969.73,2024-06-04,2024-06-27,2024-06-26,MA-Burlington
PO-24-00202,ALLIED COMMERCIAL,Induction Range,4,"$6,969.25",2024-06-05,Jul 05 2024,2024-07-06,NJ-Union
PO-24-00203,Allied Commercial Inc.,Reach-in Refrigerator,5,"$4,508.59",06/06/2024,2024-06-25,2024-06-25,MA-Burlington
PO-24-00204,NORTHLINE FOODSERVICE,ELECTRICAL PANEL,13,"$5,948.15",2024-06-06,07/18/2024,Jul 17 2024,PA-King of Prussia
PO-24-00205,Keystone Kitchen Sup.,Stainless Prep Table,9,"1,050 USD",06/09/2024,06/22/2024,2024-06-21,NY-Westchester
PO-24-00206,Northline  Foodservice ,Reach-in Refrigerator,6,4964.18,2024-06-09,2024-06-21,2024-06-21,NY-Manhattan
PO-24-00207,Metro FSE,Reach-in Refrigerator,2,"5,004 USD",06/11/2024,2024-06-29,Jul 17 2024,PA-King of Prussia
PO-24-00208,Keystone Kitchen Supply,Dish Machine,1,"11,094 USD",2024-06-11,07/10/2024,2024-07-10,NY-Westchester
PO-24-00209,Summit Equipment Co,Ice Machine,4,"$4,222.70",Jun 12 2024,2024-06-27,06/25/2024,NJ-Paramus
PO-24-00210,METRO FSE,Dish Machine,4,"$11,097.14",06/12/2024,2024-07-03,07/02/2024,NY-Manhattan
PO-24-00211,METRO FSE,Ice Machine,5,"$3,545.08",06/12/2024,Jun 29 2024,Jun 27 2024,NY-Manhattan
PO-24-00212,Metro FSE,Exhaust Hood,6,"$9,384.99",06/12/2024,08/23/2024,08/21/2024,NJ-Union
PO-24-00213,METRO FSE,Combi Oven,2,18250.95,2024-06-13,07/07/2024,07/10/2024,NJ-Union
PO-24-00214,SUMMIT EQUIPMENT CO,Electrical Panel,9,"6,518 USD",Jun 13 2024,2024-07-15,Jul 15 2024,NY-Westchester
PO-24-00215,Keystone Kitchen Sup.,Dish Machine,2,11403.49,06/14/2024,2024-07-23,2024-07-20,NJ-Paramus
PO-24-00216,Summit Equipment Co.,Induction Range,1,"$7,806.80",06/15/2024,2024-07-17,Jul 15 2024,NY-Westchester
PO-26-00968,SUMMIT EQUIPMENT CO,Electrical Panel,9,"7,515 USD",01/26/2026,2026-03-26,03/25/2026,NY-Manhattan
PO-24-00217,ALLIED COMMERCIAL,Ice Machine,1,"3,499 USD",2024-06-15,2024-07-03,2024-06-30,MA-Burlington
PO-24-00218,Allied Commercial ,Ice Machine,2,"3,701 USD",2024-06-16,2024-07-01,2024-06-29,MA-Burlington
PO-24-00219,Keystone Kitchen Sup.,Induction Range,10,6106.47,2024-06-17,07/17/2024,07/29/2024,PA-King of Prussia
PO-24-00220,Harbor Restaurant Equipment,Dish Machine,1,"11,654 USD",06/17/2024,08/01/2024,2024-08-01,NY-Westchester
PO-24-00221,Harbor Rest. Equip.,Combi Oven,3,"$18,776.15",2024-06-17,08/03/2024,2024-08-03,NJ-Paramus
PO-24-00222,METRO FSE,Reach-in Refrigerator,16,"$4,751.28",2024-06-18,07/11/2024,2024-07-09,PA-King of Prussia
PO-24-00223,Harbor Rest. Equip.,Induction Range,2,8249.99,06/19/2024,2024-07-15,2024-07-13,NJ-Union
PO-24-00224,Keystone Kitchen Sup.,Walk-in Cooler,1,"$23,353.44",06/20/2024,2024-08-08,2024-08-15,MA-Burlington
PO-24-00225,Northline Foodservice Inc.,Exhaust Hood,2,9760.97,Jun 20 2024,2024-08-09,Aug 08 2024,NY-Westchester
PO-24-00226,Metro FSE LLC,Combi Oven,1,18651.75,2024-06-20,2024-07-20,2024-07-26,PA-King of Prussia
PO-24-00227,Harbor Rest. Equip.,Combi Oven,1,20170.32,06/23/2024,2024-08-03,2024-08-03,PA-King of Prussia
PO-24-00228,METRO FSE,Electrical Panel,24,5799.53,06/24/2024,08/25/2024,Aug 24 2024,NY-Manhattan
PO-24-00229,HARBOR RESTAURANT EQUIPMENT,STAINLESS PREP TABLE,6,"$1,119.30",06/24/2024,Jul 03 2024,Jul 03 2024,PA-King of Prussia
PO-24-00230,Keystone Kitchen Sup.,Combi Oven,4,"$18,583.68",2024-06-25,Jul 24 2024,2024-07-23,NJ-Paramus
PO-24-00231,Metro FSE LLC,Reach-in Refrigerator,6,"$4,714.35",2024-06-25,2024-07-10,07/10/2024,NY-Manhattan
PO-24-00232,Allied Commercial Inc.,REACH-IN REFRIGERATOR,2,"$4,628.82",06/25/2024,2024-07-15,07/22/2024,NY-Manhattan
PO-24-00233,Northline Foodservice,Electrical Panel,4,"6,323 USD",06/26/2024,Aug 12 2024,2024-08-11,NY-Westchester
PO-24-00234,Keystone Kitchen Sup.,Induction Range,2,"7,540 USD",2024-06-26,2024-07-21,Jul 20 2024,NY-Manhattan
PO-24-00235,Metro FSE LLC,Ice Machine,21,"$3,403.78",2024-06-26,07/09/2024,Jul 17 2024,NY-Westchester
PO-24-00236,Summit Equipment Co,Walk-in Cooler,5,24943.79,2024-06-26,2024-08-17,Aug 17 2024,NY-Westchester
PO-24-00237,Summit Equipment Co.,Stainless Prep Table,2,1226.25,06/27/2024,2024-07-06,Jul 05 2024,PA-King of Prussia
PO-24-00238,Summit Equipment Co.,Stainless Prep Table,1,"$1,269.42",2024-06-27,Jul 06 2024,07/04/2024,NJ-Paramus
PO-24-00239,Metro FSE LLC,Ice Machine,1,"3,919 USD",06/28/2024,2024-07-11,Jul 09 2024,NY-Westchester
PO-24-00240,Summit Equipment Co,Dish Machine,4,"$11,754.98",Jun 28 2024,Aug 01 2024,2024-07-29,PA-King of Prussia
PO-24-00241,SUMMIT EQUIPMENT CO,Exhaust Hood,6,"$9,573.17",2024-06-29,09/10/2024,09/09/2024,PA-King of Prussia
PO-24-00242,Keystone Kitchen Supply,Dish Machine,6,"10,282 USD",2024-06-29,2024-07-31,2024-07-30,NY-Manhattan
PO-24-00243,Allied Commercial Inc.,Induction Range,3,"$6,948.95",06/29/2024,2024-07-20,2024-07-30,NJ-Paramus
PO-24-00244,SUMMIT EQUIPMENT CO,COMBI OVEN,6,18541.73,2024-06-30,2024-08-09,2024-08-16,NJ-Union
PO-24-00245,Northline Foodservice Inc.,Induction Range,3,7604.82,Jul 01 2024,Aug 01 2024,07/29/2024,NY-Manhattan
PO-24-00246,METRO FSE,COMBI OVEN,5,"$17,720.27",07/02/2024,2024-08-10,2024-08-08,NJ-Paramus
PO-24-00247,ALLIED COMMERCIAL,Fryer,1,"$3,867.57",2024-07-03,Jul 23 2024,Jul 20 2024,NJ-Paramus
PO-24-00158,Northline  Foodservice ,Induction Range,2,7442.50,2024-05-06,2024-05-31,05/30/2024,NY-Westchester
PO-24-00248,NORTHLINE FOODSERVICE,Electrical Panel,3,"6,782 USD",2024-07-04,2024-08-08,Aug 05 2024,PA-King of Prussia
PO-24-00249,HARBOR RESTAURANT EQUIPMENT,Stainless Prep Table,19,"$1,021.73",2024-07-05,Jul 11 2024,2024-07-11,NY-Manhattan
PO-24-00250,Harbor Rest. Equip.,Electrical Panel,3,"$6,441.46",2024-07-06,2024-08-27,2024-08-25,PA-King of Prussia
PO-24-00251,Northline  Foodservice ,Stainless Prep Table,3,"1,109 USD",Jul 06 2024,2024-07-18,2024-07-16,MA-Burlington
PO-24-00252,Keystone Kitchen Supply LLC,Combi Oven,3,"$17,911.37",07/07/2024,08/17/2024,Aug 14 2024,NY-Westchester
PO-24-00253,Harbor Restaurant Equipment,Ice Machine,5,"3,912 USD",07/09/2024,07/22/2024,2024-07-20,PA-King of Prussia
PO-24-00254,Northline Foodservice,Walk-in Cooler,6,22614.17,07/10/2024,09/14/2024,09/11/2024,NJ-Union
PO-24-00255,SUMMIT EQUIPMENT CO,Stainless Prep Table,6,1141.55,07/11/2024,2024-07-22,Jul 22 2024,NY-Manhattan
PO-24-00256,METRO FSE,Induction Range,2,"7,251 USD",07/11/2024,2024-08-14,2024-08-11,NJ-Union
PO-24-00257,Harbor Restaurant Equipment,Fryer,4,"$4,567.10",Jul 11 2024,2024-08-04,2024-08-04,NY-Manhattan
PO-24-00258,Northline Foodservice Inc.,Exhaust Hood,1,"$9,733.01",Jul 12 2024,Sep 22 2024,2024-09-19,PA-King of Prussia
PO-24-00259,Allied Commercial ,Stainless Prep Table,12,$943.87,07/12/2024,07/22/2024,2024-07-21,NY-Manhattan
PO-24-00260,Summit Equipment Co,Fryer,17,"$4,157.53",2024-07-13,2024-08-01,Jul 31 2024,PA-King of Prussia
PO-24-00261,Keystone Kitchen Supply LLC,Fryer,8,"3,769 USD",Jul 14 2024,Jul 31 2024,Jul 28 2024,MA-Burlington
PO-24-00262,HARBOR RESTAURANT EQUIPMENT,Reach-in Refrigerator,10,"$4,954.64",07/14/2024,08/05/2024,2024-08-05,NJ-Paramus
PO-24-00263,Summit Equipment Co.,Combi Oven,1,"$20,897.50",Jul 14 2024,2024-08-27,2024-08-27,PA-King of Prussia
PO-24-00264,NORTHLINE FOODSERVICE,Fryer,6,"$4,087.42",07/14/2024,Aug 05 2024,2024-08-02,MA-Burlington
PO-24-00265,NORTHLINE FOODSERVICE,Fryer,8,"4,008 USD",Jul 15 2024,Aug 04 2024,2024-08-02,NJ-Union
PO-26-00956,Metro FSE LLC,Combi Oven,1,"20,546 USD",01/14/2026,Mar 01 2026,2026-02-27,PA-King of Prussia
PO-24-00266,NORTHLINE FOODSERVICE,Stainless Prep Table,9,"$1,070.62",07/16/2024,07/28/2024,07/27/2024,NJ-Union
PO-24-00267,Northline Foodservice,EXHAUST HOOD,3,"$9,679.85",07/17/2024,Sep 06 2024,2024-09-04,MA-Burlington
PO-24-00268,Metro FSE,Exhaust Hood,5,"$9,573.22",2024-07-18,2024-08-26,Aug 26 2024,NY-Manhattan
PO-26-01132,Metro FSE,Dish Machine,9,"$11,325.06",06/13/2026,2026-07-15,07/12/2026,NY-Manhattan
PO-24-00269,Allied Commercial,Dish Machine,6,10198.38,2024-07-18,2024-08-22,08/19/2024,MA-Burlington
PO-24-00270,Allied Commercial Inc.,Combi Oven,2,18436.22,2024-07-20,08/22/2024,08/22/2024,PA-King of Prussia
PO-24-00271,ALLIED COMMERCIAL,ELECTRICAL PANEL,5,"5,364 USD",2024-07-22,2024-09-03,Sep 09 2024,PA-King of Prussia
PO-24-00272,Keystone Kitchen Supply,Dish Machine,15,"$9,500.17",Jul 22 2024,2024-08-27,08/26/2024,NJ-Union
PO-24-00273,Allied Commercial,Fryer,4,4015.84,Jul 22 2024,Aug 19 2024,Aug 19 2024,NY-Westchester
PO-24-00274,Harbor Rest. Equip.,WALK-IN COOLER,1,"26,915 USD",07/22/2024,10/07/2024,2024-10-05,NY-Westchester
PO-24-00275,Allied Commercial Inc.,Dish Machine,3,"$11,149.42",2024-07-22,08/30/2024,08/27/2024,NJ-Union
PO-24-00276,Summit Equipment Co,Exhaust Hood,2,10498.61,07/23/2024,Oct 01 2024,09/29/2024,NJ-Paramus
PO-24-00277,Harbor Restaurant Equipment,Fryer,7,"4,094 USD",07/23/2024,08/14/2024,2024-08-13,NJ-Paramus
PO-24-00278,Summit Equipment Co.,Combi Oven,1,"20,983 USD",2024-07-24,2024-09-04,2024-09-01,PA-King of Prussia
PO-24-00279,Metro FSE LLC,ELECTRICAL PANEL,6,"6,120 USD",2024-07-26,2024-09-21,2024-09-21,NJ-Union
PO-24-00280,Metro FSE LLC,Ice Machine,24,"3,406 USD",07/27/2024,2024-08-13,Aug 23 2024,MA-Burlington
PO-24-00281,Keystone Kitchen Supply LLC,Reach-in Refrigerator,21,"$4,374.58",2024-07-27,08/17/2024,08/16/2024,NY-Westchester
PO-24-00282,ALLIED COMMERCIAL,Walk-in Cooler,4,22996.24,2024-07-29,Oct 20 2024,Oct 25 2024,NJ-Paramus
PO-24-00283,Allied Commercial,Induction Range,7,6791.22,2024-08-01,2024-09-02,09/15/2024,NJ-Union
PO-24-00284,Summit Equipment Co.,Stainless Prep Table,4,1179.21,2024-08-02,2024-08-16,2024-08-15,NY-Manhattan
PO-24-00285,METRO FSE,Exhaust Hood,4,"9,936 USD",2024-08-02,Sep 27 2024,09/24/2024,PA-King of Prussia
PO-24-00286,Summit Equipment Co.,Stainless Prep Table,2,"$1,297.29",2024-08-02,08/09/2024,Aug 08 2024,NY-Westchester
PO-24-00287,Northline  Foodservice ,Stainless Prep Table,1,"$1,161.52",2024-08-02,Aug 11 2024,08/09/2024,PA-King of Prussia
PO-24-00288,Northline Foodservice Inc.,Dish Machine,7,"$10,891.86",Aug 02 2024,2024-09-03,Aug 31 2024,PA-King of Prussia
PO-24-00289,Summit Equipment Co,Walk-in Cooler,3,"24,912 USD",2024-08-02,2024-10-05,2024-10-05,MA-Burlington
PO-24-00290,Summit Equipment Co,Walk-in Cooler,1,27471.95,08/03/2024,2024-10-28,2024-10-25,NY-Westchester
PO-24-00291,Keystone Kitchen Sup.,Dish Machine,3,"10,645 USD",08/03/2024,Sep 09 2024,2024-09-07,NY-Manhattan
PO-24-00292,Keystone Kitchen Supply LLC,Stainless Prep Table,8,$968.32,2024-08-03,2024-08-10,Aug 09 2024,NY-Manhattan
PO-24-00293,Summit Equipment Co.,Walk-in Cooler,4,"$27,297.12",08/03/2024,2024-09-24,2024-09-21,MA-Burlington
PO-24-00294,ALLIED COMMERCIAL,Dish Machine,1,10518.17,Aug 07 2024,09/08/2024,2024-09-08,MA-Burlington
PO-24-00295,HARBOR RESTAURANT EQUIPMENT,Exhaust Hood,2,"$11,082.57",2024-08-07,10/04/2024,Oct 03 2024,MA-Burlington
PO-24-00296,Keystone Kitchen Sup.,Electrical Panel,4,5976.50,08/07/2024,Sep 29 2024,10/13/2024,NY-Westchester
PO-24-00297,Northline  Foodservice ,Dish Machine,1,"$11,675.96",08/08/2024,09/12/2024,2024-09-10,NJ-Union
PO-24-00298,ALLIED COMMERCIAL,Reach-in Refrigerator,11,"4,216 USD",08/08/2024,2024-08-24,2024-08-22,NJ-Paramus
PO-24-00299,Summit Equipment Co.,EXHAUST HOOD,2,10568.71,2024-08-08,2024-09-21,2024-09-19,NY-Westchester
PO-24-00300,Harbor Restaurant Equipment,Walk-in Cooler,4,"26,218 USD",2024-08-09,2024-10-03,2024-10-17,NY-Westchester
PO-24-00301,Harbor Restaurant Equipment,Walk-in Cooler,1,26668.48,Aug 10 2024,2024-10-30,Oct 27 2024,NJ-Paramus
PO-24-00302,NORTHLINE FOODSERVICE,Exhaust Hood,1,10754.15,2024-08-11,2024-10-01,2024-09-29,NY-Westchester
PO-24-00303,Summit Equipment Co.,Exhaust Hood,3,"10,288 USD",2024-08-12,Oct 22 2024,2024-10-22,PA-King of Prussia
PO-24-00304,Allied Commercial Inc.,Reach-in Refrigerator,4,"46,958 USD",2024-08-12,Aug 29 2024,08/26/2024,NY-Manhattan
PO-24-00305,Keystone Kitchen Supply LLC,Induction Range,2,"$7,113.83",2024-08-12,2024-09-07,Sep 05 2024,PA-King of Prussia
PO-24-00306,Metro FSE,Ice Machine,1,"3,854 USD",Aug 13 2024,2024-08-29,Aug 28 2024,NJ-Paramus
PO-24-00307,Allied Commercial,Walk-in Cooler,2,"23,766 USD",2024-08-15,Oct 23 2024,2024-11-01,NJ-Paramus
PO-24-00308,HARBOR RESTAURANT EQUIPMENT,Combi Oven,2,"20,216 USD",08/15/2024,Sep 19 2024,Sep 17 2024,MA-Burlington
PO-24-00309,Northline  Foodservice ,Reach-in Refrigerator,1,5079.21,2024-08-16,Aug 29 2024,2024-08-28,MA-Burlington
PO-24-00310,METRO FSE,DISH MACHINE,23,"9,784 USD",Aug 18 2024,09/27/2024,09/25/2024,NY-Westchester
PO-24-00311,HARBOR RESTAURANT EQUIPMENT,Electrical Panel,2,"7,003 USD",08/18/2024,10/07/2024,10/07/2024,NJ-Paramus
PO-24-00312,Allied Commercial Inc.,Combi Oven,6,"$16,762.80",2024-08-19,2024-09-20,2024-09-28,MA-Burlington
PO-24-00313,Harbor Restaurant Equipment,Induction Range,22,"$7,204.12",08/20/2024,09/19/2024,2024-09-22,NY-Manhattan
PO-24-00314,Summit Equipment Co,Walk-in Cooler,6,"23,955 USD",08/21/2024,2024-10-16,2024-10-15,NJ-Union
PO-24-00315,Keystone Kitchen Supply,WALK-IN COOLER,5,"$21,589.84",2024-08-22,Oct 25 2024,10/22/2024,NY-Westchester
PO-24-00316,Summit Equipment Co.,Fryer,1,4721.29,2024-08-24,2024-09-20,2024-09-17,NJ-Paramus
PO-25-00584,Keystone Kitchen Supply LLC,Stainless Prep Table,11,1005.83,2025-04-12,2025-04-24,Apr 27 2025,NY-Manhattan
PO-24-00317,Allied Commercial Inc.,ELECTRICAL PANEL,1,"$6,207.32",2024-08-24,2024-10-15,10/29/2024,NY-Westchester
PO-24-00318,Northline Foodservice Inc.,COMBI OVEN,2,"19,634 USD",Aug 26 2024,Oct 17 2024,2024-10-16,PA-King of Prussia
PO-24-00319,SUMMIT EQUIPMENT CO,REACH-IN REFRIGERATOR,6,"$5,179.78",Aug 27 2024,09/19/2024,Sep 18 2024,NJ-Paramus
PO-24-00320,Allied Commercial Inc.,Induction Range,5,6197.24,08/28/2024,2024-09-26,2024-09-26,MA-Burlington
PO-24-00321,Harbor Restaurant Equipment,Ice Machine,2,4170.91,2024-08-29,2024-09-11,09/14/2024,MA-Burlington
PO-24-00322,Summit Equipment Co,INDUCTION RANGE,6,"$7,639.60",2024-08-31,2024-09-23,09/23/2024,MA-Burlington
PO-24-00323,Northline  Foodservice ,Fryer,19,"3,611 USD",08/31/2024,Sep 21 2024,2024-09-21,MA-Burlington
PO-24-00324,Allied Commercial,Stainless Prep Table,2,"$1,023.16",2024-09-01,2024-09-11,Sep 19 2024,MA-Burlington
PO-24-00325,ALLIED COMMERCIAL,Reach-in Refrigerator,13,"$4,188.98",2024-09-01,2024-09-16,11/22/2024,PA-King of Prussia
PO-24-00326,KEYSTONE KITCHEN SUPPLY,Fryer,1,"$4,217.59",2024-09-01,2024-09-24,2024-09-21,NY-Westchester
PO-24-00327,Harbor Rest. Equip.,Electrical Panel,16,"$6,056.06",2024-09-02,2024-10-16,2024-10-13,PA-King of Prussia
PO-24-00328,Metro FSE LLC,Stainless Prep Table,2,1205.57,09/02/2024,2024-09-14,09/12/2024,PA-King of Prussia
PO-24-00329,Harbor Rest. Equip.,WALK-IN COOLER,1,27008.11,09/02/2024,Nov 01 2024,2024-10-30,MA-Burlington
PO-24-00330,Metro FSE,Fryer,0,"$3,783.77",2024-09-03,09/22/2024,Sep 19 2024,MA-Burlington
PO-24-00331,Allied Commercial,Stainless Prep Table,9,969.83,Sep 03 2024,2024-09-10,09/13/2024,MA-Burlington
PO-24-00332,Keystone Kitchen Sup.,Stainless Prep Table,4,1129.48,Sep 03 2024,2024-09-13,Sep 12 2024,NY-Manhattan
PO-24-00333,Keystone Kitchen Sup.,Walk-in Cooler,1,"$24,923.02",2024-09-03,Nov 10 2024,Nov 10 2024,PA-King of Prussia
PO-24-00334,Keystone Kitchen Supply LLC,Exhaust Hood,1,"$10,152.20",2024-09-08,Nov 05 2024,Nov 02 2024,MA-Burlington
PO-24-00335,Metro FSE,Stainless Prep Table,1,"1,145 USD",2024-09-09,2024-09-17,2024-09-19,MA-Burlington
PO-24-00336,SUMMIT EQUIPMENT CO,Walk-in Cooler,4,"$26,200.59",2024-09-09,11/14/2024,Nov 11 2024,PA-King of Prussia
PO-24-00337,Allied Commercial Inc.,Reach-in Refrigerator,6,"4,504 USD",09/10/2024,2024-09-27,2024-09-27,MA-Burlington
PO-24-00338,Metro FSE LLC,Stainless Prep Table,23,970 USD,2024-09-10,2024-09-19,Sep 19 2024,MA-Burlington
PO-25-00851,Metro FSE,EXHAUST HOOD,3,11273.46,Oct 30 2025,2025-12-31,2025-12-30,PA-King of Prussia
PO-24-00339,Keystone Kitchen Sup.,Ice Machine,3,"3,781 USD",2024-09-10,2024-09-22,Oct 02 2024,MA-Burlington
PO-24-00340,ALLIED COMMERCIAL,Ice Machine,1,"3,552 USD",2024-09-11,09/21/2024,09/23/2024,MA-Burlington
PO-24-00341,Allied Commercial ,Combi Oven,1,17479.15,Sep 12 2024,10/26/2024,2024-10-23,MA-Burlington
PO-24-00342,Summit Equipment Co,Exhaust Hood,1,"$11,208.22",Sep 13 2024,11/25/2024,Nov 23 2024,MA-Burlington
PO-24-00343,Northline Foodservice Inc.,Exhaust Hood,3,"9,656 USD",Sep 13 2024,11/03/2024,2024-11-02,NY-Westchester
PO-24-00344,Keystone Kitchen Supply,Ice Machine,4,"3,825 USD",2024-09-14,2024-09-25,09/26/2024,NY-Manhattan
PO-24-00345,Keystone Kitchen Sup.,Fryer,1,"3,936 USD",2024-09-14,Oct 06 2024,2024-10-14,NJ-Union
PO-24-00346,Metro FSE,Dish Machine,22,"$10,202.86",2024-09-14,Oct 21 2024,Oct 20 2024,NJ-Union
PO-24-00347,Metro FSE LLC,Stainless Prep Table,3,"$1,174.48",09/14/2024,2024-09-27,2024-09-26,NY-Westchester
PO-24-00348,Allied Commercial Inc.,FRYER,1,"$4,171.14",2024-09-15,10/07/2024,10/07/2024,MA-Burlington
PO-24-00349,Summit Equipment Co.,Induction Range,2,"8,567 USD",09/16/2024,2024-10-21,Oct 20 2024,NJ-Union
PO-24-00350,SUMMIT EQUIPMENT CO,Combi Oven,1,"$19,752.34",Sep 17 2024,2024-10-25,2024-10-25,NY-Westchester
PO-24-00351,ALLIED COMMERCIAL,COMBI OVEN,5,"$16,614.08",2024-09-18,11/03/2024,11/01/2024,MA-Burlington
PO-24-00352,Allied Commercial ,Dish Machine,2,"$11,276.26",Sep 21 2024,,10/28/2024,NJ-Union
PO-24-00353,Harbor Rest. Equip.,Stainless Prep Table,3,"$1,185.60",09/23/2024,2024-10-05,Oct 05 2024,PA-King of Prussia
PO-24-00354,Northline  Foodservice ,Walk-in Cooler,6,"24,245 USD",09/25/2024,2024-11-22,Nov 20 2024,MA-Burlington
PO-24-00355,Northline Foodservice,Fryer,2,"4,313 USD",2024-09-27,10/09/2024,2024-10-11,MA-Burlington
PO-24-00356,NORTHLINE FOODSERVICE,Fryer,2,"4,465 USD",Sep 28 2024,,2024-10-17,NY-Manhattan
PO-24-00357,METRO FSE,Dish Machine,2,"$12,171.90",Sep 28 2024,Nov 07 2024,11/17/2024,MA-Burlington
PO-24-00358,Northline Foodservice,Ice Machine,6,"$3,554.96",Sep 29 2024,10/16/2024,2024-10-16,MA-Burlington
PO-24-00359,Keystone Kitchen Sup.,Electrical Panel,17,"$5,804.36",2024-09-30,2024-11-16,2024-11-15,MA-Burlington
PO-24-00360,SUMMIT EQUIPMENT CO,Electrical Panel,12,"$6,589.14",Sep 30 2024,2024-11-16,2024-11-16,NJ-Paramus
PO-24-00361,Harbor Restaurant Equipment,Exhaust Hood,4,"10,205 USD",2024-09-30,12/11/2024,2024-12-11,NJ-Paramus
PO-24-00362,Harbor Rest. Equip.,Dish Machine,1,"$12,487.91",2024-10-01,10/30/2024,2024-10-30,NJ-Union
PO-24-00363,METRO FSE,Stainless Prep Table,4,1167.65,Oct 01 2024,10/09/2024,2024-10-06,MA-Burlington
PO-24-00364,Allied Commercial,Stainless Prep Table,9,"$1,002.72",2024-10-01,Oct 09 2024,2024-10-08,PA-King of Prussia
PO-24-00365,Northline Foodservice,Reach-in Refrigerator,2,"5,297 USD",10/03/2024,10/15/2024,10/14/2024,MA-Burlington
PO-24-00366,Northline Foodservice Inc.,Stainless Prep Table,12,997.15,10/04/2024,Oct 14 2024,2024-10-11,PA-King of Prussia
PO-26-01144,Harbor Restaurant Equipment,Induction Range,9,"$7,994.21",2026-06-27,2026-07-22,Jul 21 2026,MA-Burlington
PO-24-00367,NORTHLINE FOODSERVICE,WALK-IN COOLER,6,22400.90,Oct 05 2024,Nov 20 2024,2024-11-20,NY-Manhattan
PO-24-00368,Allied Commercial ,Exhaust Hood,2,"9,291 USD",2024-10-06,2024-12-16,Dec 16 2024,MA-Burlington
PO-24-00369,ALLIED COMMERCIAL,Fryer,4,"4,069 USD",2024-10-07,2024-10-22,2024-10-19,NJ-Union
PO-26-00963,Summit Equipment Co.,Ice Machine,1,"4,444 USD",2026-01-22,Jan 31 2026,01/30/2026,NY-Westchester
PO-24-00370,Keystone Kitchen Sup.,Walk-in Cooler,5,"$22,845.66",2024-10-08,Dec 06 2024,2024-12-04,PA-King of Prussia
PO-24-00371,Summit Equipment Co,Induction Range,12,7091.35,2024-10-11,2024-11-09,Nov 09 2024,NY-Westchester
PO-24-00372,Summit Equipment Co,Dish Machine,10,11142.49,10/11/2024,2024-11-06,2024-11-09,NJ-Paramus
PO-24-00373,Northline Foodservice Inc.,Induction Range,8,"$6,849.16",10/12/2024,11/09/2024,2024-11-09,NY-Westchester
PO-24-00374,Northline Foodservice Inc.,Stainless Prep Table,4,"$1,195.93",2024-10-13,2024-10-23,2024-10-21,NJ-Union
PO-24-00375,SUMMIT EQUIPMENT CO,Induction Range,6,"7,224 USD",Oct 14 2024,2024-11-18,2024-11-16,NY-Westchester
PO-24-00376,Keystone Kitchen Supply LLC,Stainless Prep Table,6,"1,040 USD",10/15/2024,10/26/2024,11/03/2024,NJ-Paramus
PO-24-00377,KEYSTONE KITCHEN SUPPLY,Reach-in Refrigerator,5,"$4,527.67",2024-10-15,11/04/2024,2024-11-02,PA-King of Prussia
PO-24-00378,SUMMIT EQUIPMENT CO,Reach-in Refrigerator,2,"5,795 USD",2024-10-17,2024-11-04,11/01/2024,NJ-Union
PO-24-00379,ALLIED COMMERCIAL,Exhaust Hood,1,9618.21,2024-10-18,12/27/2024,12/25/2024,MA-Burlington
PO-24-00380,METRO FSE,Combi Oven,5,"$17,963.38",2024-10-20,2024-12-07,Dec 07 2024,NY-Westchester
PO-24-00381,Metro FSE LLC,Reach-in Refrigerator,2,5361.74,10/20/2024,11/07/2024,2024-11-07,NY-Manhattan
PO-24-00382,Northline Foodservice,Dish Machine,2,"$11,575.82",10/23/2024,2024-11-20,11/18/2024,NJ-Union
PO-24-00383,Summit Equipment Co,Stainless Prep Table,2,"$1,230.24",2024-10-23,2024-11-02,2024-10-30,NJ-Union
PO-24-00384,Northline  Foodservice ,Exhaust Hood,1,"$10,870.66",2024-10-23,2024-12-15,2024-12-13,MA-Burlington
PO-24-00385,Keystone Kitchen Sup.,Ice Machine,2,3814.40,2024-10-23,2024-11-08,2024-11-05,NJ-Union
PO-24-00386,Allied Commercial,Induction Range,22,6384.66,2024-10-25,2024-11-17,11/17/2024,MA-Burlington
PO-24-00057,Summit Equipment Co,Reach-in Refrigerator,1,"$5,834.12",2024-02-14,2024-03-07,03/07/2024,MA-Burlington
PO-24-00387,ALLIED COMMERCIAL,Stainless Prep Table,1,"$1,043.89",2024-10-28,2024-11-06,2024-11-06,PA-King of Prussia
PO-24-00388,Allied Commercial ,Induction Range,17,"$5,911.99",Oct 29 2024,2024-11-25,Nov 24 2024,MA-Burlington
PO-24-00389,Allied Commercial Inc.,Ice Machine,21,3215.94,10/29/2024,2024-11-09,2024-11-07,NJ-Paramus
PO-24-00390,NORTHLINE FOODSERVICE,Walk-in Cooler,1,"$25,572.51",2024-10-31,2025-01-06,01/03/2025,NJ-Union
PO-24-00391,Allied Commercial Inc.,Dish Machine,1,11396.57,2024-11-02,2024-12-02,11/29/2024,NY-Manhattan
PO-24-00392,Summit Equipment Co,Reach-in Refrigerator,21,"4,998 USD",Nov 02 2024,2024-11-22,2024-11-22,NJ-Paramus
PO-24-00393,Northline Foodservice Inc.,Stainless Prep Table,2,"$1,155.50",11/04/2024,2024-11-14,Nov 13 2024,NY-Manhattan
PO-24-00394,Keystone Kitchen Sup.,Fryer,1,"$4,295.69",11/04/2024,2024-11-20,2024-11-26,NJ-Union
PO-24-00395,Summit Equipment Co,Combi Oven,3,"19,919 USD",11/05/2024,2024-12-26,12/25/2024,MA-Burlington
PO-24-00396,NORTHLINE FOODSERVICE,Ice Machine,5,"$3,629.61",11/06/2024,Nov 20 2024,2024-11-18,NJ-Union
PO-24-00397,Keystone Kitchen Supply,Fryer,2,"$4,169.36",2024-11-07,11/30/2024,2024-12-03,NY-Westchester
PO-24-00398,Keystone Kitchen Sup.,Ice Machine,5,3430.58,2024-11-13,Nov 24 2024,2024-12-07,MA-Burlington
PO-24-00399,Allied Commercial,Electrical Panel,1,6092.01,Nov 14 2024,2024-12-21,2024-12-25,NJ-Union
PO-24-00400,KEYSTONE KITCHEN SUPPLY,Ice Machine,2,3902.46,11/16/2024,2024-12-03,11/30/2024,NJ-Union
PO-24-00401,Harbor Rest. Equip.,Walk-in Cooler,2,"$26,943.97",Nov 17 2024,Jan 12 2025,2025-01-10,NJ-Union
PO-24-00402,Allied Commercial,Exhaust Hood,6,"$8,690.07",11/17/2024,Jan 08 2025,01/07/2025,NJ-Paramus
PO-25-00897,Summit Equipment Co,Reach-in Refrigerator,4,"$5,773.14",Dec 06 2025,2025-12-21,2025-12-21,NY-Westchester
PO-24-00403,Harbor Rest. Equip.,Exhaust Hood,1,10665.42,2024-11-17,01/09/2025,2025-01-06,NJ-Paramus
PO-24-00404,SUMMIT EQUIPMENT CO,Walk-in Cooler,2,"$28,306.92",Nov 18 2024,Jan 22 2025,Jan 21 2025,NJ-Paramus
PO-24-00405,HARBOR RESTAURANT EQUIPMENT,Reach-in Refrigerator,2,"5,753 USD",2024-11-18,2024-12-06,2024-12-03,PA-King of Prussia
PO-24-00406,Allied Commercial,Exhaust Hood,1,9595.20,11/19/2024,01/03/2025,01/01/2025,NY-Westchester
PO-24-00407,Summit Equipment Co.,ELECTRICAL PANEL,11,6646.92,2024-11-19,12/24/2024,2024-12-22,NJ-Paramus
PO-24-00408,ALLIED COMMERCIAL,Combi Oven,1,17418.42,2024-11-19,12/28/2024,2024-12-28,NJ-Union
PO-24-00409,Keystone Kitchen Sup.,Dish Machine,3,"11,218 USD",2024-11-20,Dec 29 2024,12/29/2024,PA-King of Prussia
PO-24-00410,SUMMIT EQUIPMENT CO,Exhaust Hood,1,"$11,025.64",11/21/2024,02/10/2025,02/08/2025,NY-Manhattan
PO-24-00411,Summit Equipment Co.,Fryer,6,"4,127 USD",Nov 22 2024,Dec 11 2024,2024-12-10,MA-Burlington
PO-24-00412,Allied Commercial ,Exhaust Hood,2,9945.85,11/23/2024,12/30/2024,Jan 26 2025,NJ-Union
PO-24-00413,KEYSTONE KITCHEN SUPPLY,Combi Oven,2,17836.45,Nov 27 2024,Jan 05 2025,01/02/2025,NJ-Paramus
PO-26-01073,Metro FSE,REACH-IN REFRIGERATOR,1,5494.32,Apr 21 2026,2026-05-14,05/12/2026,NY-Manhattan
PO-24-00414,Keystone Kitchen Sup.,Combi Oven,5,17568.52,2024-11-28,2025-01-07,Jan 17 2025,MA-Burlington
PO-24-00415,ALLIED COMMERCIAL,Dish Machine,16,"9,936 USD",2024-11-28,12/31/2024,2024-12-28,NY-Westchester
PO-24-00416,Keystone Kitchen Sup.,Induction Range,3,7272.72,2024-11-28,2024-12-29,2024-12-26,NJ-Union
PO-24-00417,Allied Commercial,ELECTRICAL PANEL,1,"$6,462.68",12/01/2024,,01/13/2025,NJ-Union
PO-24-00418,Keystone Kitchen Supply LLC,Exhaust Hood,1,10182.34,2024-12-01,2025-02-12,2025-02-10,PA-King of Prussia
PO-24-00419,Keystone Kitchen Supply,Stainless Prep Table,15,$989.11,12/05/2024,12/16/2024,2025-01-06,NJ-Paramus
PO-24-00420,Keystone Kitchen Supply LLC,Combi Oven,3,"18,996 USD",Dec 05 2024,2025-01-20,2025-03-06,NJ-Union
PO-24-00421,Summit Equipment Co,Ice Machine,12,3657.91,2024-12-08,2024-12-21,Dec 20 2024,PA-King of Prussia
PO-26-01049,Metro FSE LLC,Walk-in Cooler,5,25499.61,2026-03-31,Jun 16 2026,2026-06-16,NJ-Union
PO-24-00422,Metro FSE,Walk-in Cooler,1,25259.50,12/08/2024,02/23/2025,02/25/2025,MA-Burlington
PO-24-00423,Keystone Kitchen Supply,Stainless Prep Table,6,989.43,12/10/2024,Dec 23 2024,01/09/2025,NY-Manhattan
PO-24-00424,Metro FSE,Electrical Panel,9,6151.27,2024-12-10,2025-01-25,01/23/2025,NJ-Paramus
PO-24-00425,METRO FSE,Exhaust Hood,6,"9,544 USD",2024-12-11,,02/05/2025,NY-Westchester
PO-24-00426,NORTHLINE FOODSERVICE,Exhaust Hood,3,"$9,850.35",12/11/2024,2025-02-09,2025-02-06,NY-Westchester
PO-24-00427,Summit Equipment Co.,Stainless Prep Table,3,"$1,271.95",Dec 12 2024,2024-12-25,2024-12-22,NJ-Paramus
PO-24-00428,Metro FSE LLC,Walk-in Cooler,5,"24,140 USD",12/12/2024,2025-02-10,2025-02-10,MA-Burlington
PO-24-00429,HARBOR RESTAURANT EQUIPMENT,Walk-in Cooler,4,"$24,979.72",2024-12-13,Feb 05 2025,Feb 03 2025,NJ-Paramus
PO-24-00430,Summit Equipment Co,Reach-in Refrigerator,3,5700.40,2024-12-16,2025-01-02,2024-12-31,NJ-Union
PO-24-00431,Allied Commercial,Dish Machine,19,9691.29,2024-12-17,2025-02-03,02/01/2025,NJ-Union
PO-24-00432,METRO FSE,FRYER,2,"4,468 USD",12/18/2024,2025-01-03,Jan 04 2025,NY-Westchester
PO-24-00433,KEYSTONE KITCHEN SUPPLY,Walk-in Cooler,3,23137.00,12/18/2024,2025-02-26,2025-02-23,NY-Westchester
PO-24-00434,Keystone Kitchen Supply,Ice Machine,11,3163.18,2024-12-19,Jan 03 2025,01/02/2025,NY-Westchester
PO-24-00435,Metro FSE,Fryer,7,4113.63,Dec 21 2024,01/12/2025,2025-01-11,NJ-Paramus
PO-24-00436,Keystone Kitchen Supply LLC,Dish Machine,5,10878.11,2024-12-21,Jan 19 2025,01/17/2025,PA-King of Prussia
PO-24-00437,ALLIED COMMERCIAL,Induction Range,14,6368.79,Dec 25 2024,2025-01-18,01/17/2025,NY-Westchester
PO-24-00438,SUMMIT EQUIPMENT CO,Combi Oven,1,"$20,405.51",2024-12-25,2025-02-04,02/02/2025,NJ-Union
PO-24-00439,Keystone Kitchen Supply LLC,Ice Machine,1,3692.83,2024-12-25,01/12/2025,Jan 10 2025,PA-King of Prussia
PO-24-00440,Allied Commercial ,Induction Range,20,"6,329 USD",12/25/2024,01/22/2025,01/21/2025,NY-Westchester
PO-24-00441,Summit Equipment Co.,Ice Machine,2,4340.21,12/28/2024,2025-01-09,01/06/2025,NY-Manhattan
PO-24-00442,METRO FSE,Induction Range,2,"$7,688.93",2024-12-28,2025-02-01,Jan 31 2025,NJ-Paramus
PO-24-00443,Summit Equipment Co,Dish Machine,4,13151.24,2024-12-29,01/21/2025,Jan 19 2025,PA-King of Prussia
PO-24-00444,KEYSTONE KITCHEN SUPPLY,Walk-in Cooler,2,"$23,184.66",12/29/2024,2025-03-05,2025-03-04,MA-Burlington
PO-24-00445,NORTHLINE FOODSERVICE,Combi Oven,2,"$19,010.06",12/29/2024,2025-02-15,Feb 14 2025,PA-King of Prussia
PO-24-00446,Keystone Kitchen Sup.,Induction Range,11,6714.29,2024-12-30,2025-01-26,2025-01-23,NY-Manhattan
PO-24-00447,Allied Commercial,Dish Machine,0,"10,939 USD",2024-12-31,Feb 14 2025,2025-02-11,MA-Burlington
PO-25-00448,Metro FSE LLC,Combi Oven,1,19009.60,2025-01-01,Feb 15 2025,02/15/2025,NJ-Union
PO-25-00449,Allied Commercial ,Dish Machine,2,"$11,184.85",01/02/2025,2025-02-07,2025-02-04,NY-Westchester
PO-25-00450,Harbor Restaurant Equipment,Electrical Panel,23,"6,372 USD",01/02/2025,Mar 05 2025,03/03/2025,NJ-Union
PO-25-00451,Harbor Restaurant Equipment,Reach-in Refrigerator,6,5293.43,2025-01-02,01/21/2025,01/18/2025,NJ-Union
PO-25-00452,Keystone Kitchen Supply LLC,Reach-in Refrigerator,8,4482.53,2025-01-02,Jan 18 2025,2025-01-15,MA-Burlington
PO-25-00453,Metro FSE LLC,COMBI OVEN,1,18833.23,Jan 03 2025,2025-02-11,2025-02-09,NY-Manhattan
PO-25-00454,Harbor Rest. Equip.,Ice Machine,14,"$3,676.74",2025-01-04,2025-01-19,2025-01-17,NY-Westchester
PO-25-00455,Allied Commercial ,Ice Machine,7,"3,528 USD",2025-01-04,Jan 18 2025,Jan 27 2025,NY-Manhattan
PO-25-00456,SUMMIT EQUIPMENT CO,STAINLESS PREP TABLE,20,"$1,062.77",2025-01-05,2025-01-16,2025-01-13,PA-King of Prussia
PO-25-00457,Metro FSE LLC,Electrical Panel,1,6715.63,01/05/2025,02/28/2025,2025-02-25,PA-King of Prussia
PO-25-00458,SUMMIT EQUIPMENT CO,Induction Range,4,7741.85,2025-01-06,02/07/2025,2025-02-07,MA-Burlington
PO-25-00459,Northline Foodservice,Electrical Panel,9,6504.46,01/07/2025,02/16/2025,2025-02-15,PA-King of Prussia
PO-25-00692,METRO FSE,Dish Machine,1,"12,805 USD",07/09/2025,2025-08-17,2025-08-16,NY-Manhattan
PO-25-00460,Harbor Restaurant Equipment,Walk-in Cooler,1,"27,661 USD",2025-01-07,2025-03-08,Mar 07 2025,PA-King of Prussia
PO-25-00461,Allied Commercial ,Combi Oven,5,16217.77,01/10/2025,2025-02-19,2025-03-09,MA-Burlington
PO-25-00462,Metro FSE,Walk-in Cooler,4,"23,744 USD",01/10/2025,2025-03-29,Apr 11 2025,PA-King of Prussia
PO-25-00463,METRO FSE,Stainless Prep Table,6,1098.51,2025-01-11,2025-01-22,2025-01-22,NY-Manhattan
PO-25-00464,Keystone Kitchen Supply,Fryer,17,"3,465 USD",Jan 11 2025,2025-01-31,2025-01-30,NJ-Paramus
PO-25-00465,Northline  Foodservice ,Exhaust Hood,6,"9,751 USD",01/11/2025,2025-03-17,Mar 14 2025,NY-Westchester
PO-25-00466,NORTHLINE FOODSERVICE,Electrical Panel,2,6875.58,2025-01-12,2025-03-09,03/10/2025,PA-King of Prussia
PO-25-00467,Keystone Kitchen Supply LLC,Reach-in Refrigerator,4,5047.33,01/13/2025,2025-02-02,2025-02-14,NJ-Union
PO-25-00468,Summit Equipment Co,Induction Range,15,6918.94,01/15/2025,2025-02-17,02/16/2025,NJ-Union
PO-25-00469,HARBOR RESTAURANT EQUIPMENT,Induction Range,2,"7,806 USD",2025-01-15,,2025-02-13,NY-Manhattan
PO-25-00470,Allied Commercial ,Reach-in Refrigerator,4,4921.63,01/16/2025,Feb 07 2025,2025-02-05,NJ-Union
PO-25-00471,Metro FSE LLC,Exhaust Hood,6,10082.65,Jan 17 2025,Mar 08 2025,2025-03-15,PA-King of Prussia
PO-25-00472,Allied Commercial,Ice Machine,6,"$3,336.50",01/17/2025,2025-01-31,2025-02-17,NJ-Union
PO-25-00473,METRO FSE,Exhaust Hood,2,"$10,616.60",01/17/2025,03/05/2025,03/04/2025,NY-Westchester
PO-25-00474,ALLIED COMMERCIAL,Exhaust Hood,4,"$9,702.70",2025-01-17,2025-03-21,2025-03-21,NJ-Paramus
PO-25-00475,Keystone Kitchen Sup.,Electrical Panel,18,"$6,013.11",2025-01-17,03/18/2025,2025-03-15,NY-Westchester
PO-25-00476,Allied Commercial Inc.,ICE MACHINE,19,"$3,281.15",2025-01-18,2025-01-29,01/29/2025,PA-King of Prussia
PO-25-00477,SUMMIT EQUIPMENT CO,WALK-IN COOLER,1,"28,741 USD",2025-01-19,03/01/2025,2025-02-27,NY-Manhattan
PO-25-00478,Allied Commercial,Reach-in Refrigerator,3,"$4,881.30",2025-01-20,2025-02-03,2025-02-03,MA-Burlington
PO-25-00479,Summit Equipment Co.,Stainless Prep Table,4,"$1,209.29",01/21/2025,2025-02-01,2025-01-30,MA-Burlington
PO-25-00480,Summit Equipment Co.,STAINLESS PREP TABLE,2,1282.67,2025-01-22,Feb 01 2025,2025-01-31,PA-King of Prussia
PO-25-00481,Keystone Kitchen Sup.,Walk-in Cooler,2,"$23,654.11",2025-01-23,2025-02-24,2025-02-24,NJ-Union
PO-25-00482,Allied Commercial,Induction Range,2,"$7,002.05",2025-01-24,2025-02-16,04/05/2025,NY-Manhattan
PO-25-00483,SUMMIT EQUIPMENT CO,Dish Machine,2,"12,372 USD",2025-01-24,02/27/2025,2025-02-24,MA-Burlington
PO-25-00484,Harbor Restaurant Equipment,Induction Range,4,"$7,960.18",Jan 24 2025,Feb 27 2025,Feb 25 2025,NY-Manhattan
PO-25-00485,Allied Commercial Inc.,Induction Range,3,"7,106 USD",01/26/2025,2025-02-28,02/27/2025,NY-Westchester
PO-25-00486,Summit Equipment Co.,Stainless Prep Table,2,"1,272 USD",2025-01-26,2025-02-02,2025-02-02,MA-Burlington
PO-25-00487,Summit Equipment Co.,Combi Oven,4,"21,646 USD",01/26/2025,2025-03-02,Feb 28 2025,NY-Manhattan
PO-25-00488,NORTHLINE FOODSERVICE,Stainless Prep Table,8,"1,129 USD",2025-01-27,02/06/2025,2025-02-06,NY-Westchester
PO-25-00489,Metro FSE LLC,Ice Machine,7,"$3,744.50",01/28/2025,02/12/2025,02/11/2025,MA-Burlington
PO-25-00490,Keystone Kitchen Supply,Fryer,3,"$4,091.16",2025-01-30,2025-02-21,2025-04-10,NJ-Paramus
PO-25-00491,Allied Commercial ,Walk-in Cooler,3,"$23,769.21",2025-01-30,Apr 14 2025,2025-04-14,NY-Manhattan
PO-25-00492,Summit Equipment Co.,Induction Range,4,"$7,749.37",02/01/2025,,02/26/2025,MA-Burlington
PO-25-00493,Harbor Rest. Equip.,Electrical Panel,4,"6,893 USD",2025-02-01,2025-03-19,2025-03-16,PA-King of Prussia
PO-25-00494,Harbor Rest. Equip.,Dish Machine,1,13171.77,2025-02-02,2025-03-06,Mar 04 2025,NJ-Union
PO-25-00495,METRO FSE,Fryer,7,"$4,071.67",2025-02-04,02/24/2025,Feb 21 2025,NJ-Union
PO-25-00496,SUMMIT EQUIPMENT CO,Reach-in Refrigerator,12,5245.89,Feb 05 2025,2025-02-20,02/18/2025,PA-King of Prussia
PO-25-00497,SUMMIT EQUIPMENT CO,Exhaust Hood,6,10607.98,2025-02-05,2025-04-16,2025-04-13,PA-King of Prussia
PO-25-00498,KEYSTONE KITCHEN SUPPLY,Electrical Panel,6,"$6,319.93",2025-02-06,2025-03-28,Mar 25 2025,NY-Westchester
PO-25-00499,NORTHLINE FOODSERVICE,Exhaust Hood,2,10508.32,2025-02-06,2025-03-29,2025-04-01,NJ-Union
PO-25-00500,Summit Equipment Co,Combi Oven,6,"$18,739.83",2025-02-06,2025-03-01,2025-03-05,NY-Westchester
PO-25-00501,Allied Commercial ,Walk-in Cooler,2,24041.38,02/07/2025,May 04 2025,2025-05-03,MA-Burlington
PO-25-00502,METRO FSE,Combi Oven,3,"$19,175.79",2025-02-08,Mar 03 2025,2025-02-28,NY-Manhattan
PO-25-00503,Northline  Foodservice ,Ice Machine,1,"3,972 USD",2025-02-08,02/25/2025,02/22/2025,MA-Burlington
PO-25-00504,Allied Commercial Inc.,Dish Machine,3,"10,844 USD",Feb 08 2025,2025-03-07,2025-03-07,PA-King of Prussia
PO-25-00505,METRO FSE,Combi Oven,5,"$17,640.73",Feb 08 2025,03/25/2025,2025-03-22,NY-Manhattan
PO-25-00506,Summit Equipment Co,Ice Machine,17,"3,772 USD",2025-02-09,Feb 26 2025,02/25/2025,PA-King of Prussia
PO-25-00507,ALLIED COMMERCIAL,Combi Oven,1,"18,924 USD",2025-02-10,04/01/2025,04/15/2025,NY-Westchester
PO-25-00508,KEYSTONE KITCHEN SUPPLY,Reach-in Refrigerator,23,"4,586 USD",02/11/2025,03/03/2025,03/03/2025,NJ-Union
PO-25-00509,Summit Equipment Co,Exhaust Hood,1,11116.21,2025-02-11,2025-04-13,2025-04-10,NJ-Paramus
PO-25-00510,KEYSTONE KITCHEN SUPPLY,Ice Machine,4,"$3,754.47",Feb 11 2025,Feb 23 2025,03/11/2025,PA-King of Prussia
PO-25-00511,Summit Equipment Co.,Walk-in Cooler,2,27916.36,Feb 14 2025,2025-04-25,2025-04-24,NY-Westchester
PO-25-00747,ALLIED COMMERCIAL,Electrical Panel,8,"6,138 USD",2025-08-24,2025-10-27,10/24/2025,NY-Manhattan
PO-24-00217,ALLIED COMMERCIAL,Ice Machine,1,"3,499 USD",2024-06-15,2024-07-03,2024-06-30,MA-Burlington
PO-25-00512,Allied Commercial,Stainless Prep Table,6,954 USD,2025-02-14,Feb 21 2025,02/18/2025,PA-King of Prussia
PO-25-00513,HARBOR RESTAURANT EQUIPMENT,Ice Machine,1,4389.73,02/18/2025,03/07/2025,03/05/2025,NJ-Union
PO-25-00514,Metro FSE,Induction Range,6,6792.31,02/18/2025,,2025-03-18,NJ-Union
PO-25-00515,Allied Commercial Inc.,Dish Machine,9,"$9,908.93",02/22/2025,03/21/2025,03/18/2025,MA-Burlington
PO-25-00516,Harbor Rest. Equip.,Combi Oven,6,18396.44,02/22/2025,Apr 03 2025,04/02/2025,PA-King of Prussia
PO-25-00517,Northline Foodservice,DISH MACHINE,1,"$11,607.15",Feb 23 2025,04/03/2025,04/03/2025,PA-King of Prussia
PO-25-00518,METRO FSE,Ice Machine,2,4051.35,02/24/2025,2025-03-06,2025-03-05,NY-Manhattan
PO-25-00519,Northline Foodservice Inc.,Dish Machine,8,"$10,929.73",Feb 24 2025,2025-03-30,2025-03-29,PA-King of Prussia
PO-25-00520,HARBOR RESTAURANT EQUIPMENT,Induction Range,8,"$7,672.85",2025-02-25,Mar 27 2025,03/24/2025,NJ-Union
PO-25-00521,Allied Commercial ,Fryer,9,"$3,878.17",2025-02-25,2025-03-21,03/21/2025,MA-Burlington
PO-25-00522,SUMMIT EQUIPMENT CO,Stainless Prep Table,18,1073.29,02/26/2025,Mar 07 2025,2025-03-06,NY-Manhattan
PO-25-00523,Allied Commercial ,Ice Machine,18,"$3,325.43",Feb 27 2025,2025-03-13,03/13/2025,MA-Burlington
PO-25-00524,Allied Commercial,Electrical Panel,1,6550.47,Feb 27 2025,Apr 16 2025,2025-05-08,NY-Manhattan
PO-25-00525,Keystone Kitchen Supply,Stainless Prep Table,8,"$1,027.89",2025-02-28,03/10/2025,2025-03-10,PA-King of Prussia
PO-25-00526,Metro FSE LLC,Exhaust Hood,3,10026.01,02/28/2025,2025-05-01,2025-04-29,NJ-Union
PO-25-00527,SUMMIT EQUIPMENT CO,Fryer,8,4415.19,Mar 01 2025,Mar 20 2025,Mar 17 2025,NY-Westchester
PO-25-00528,Keystone Kitchen Supply LLC,COMBI OVEN,5,"$17,257.72",Mar 01 2025,04/11/2025,Apr 08 2025,NJ-Paramus
PO-25-00529,Allied Commercial,Stainless Prep Table,20,$936.14,Mar 02 2025,2025-03-10,Mar 09 2025,PA-King of Prussia
PO-25-00530,KEYSTONE KITCHEN SUPPLY,WALK-IN COOLER,5,"23,692 USD",Mar 04 2025,05/11/2025,May 14 2025,NY-Manhattan
PO-25-00531,Metro FSE LLC,Combi Oven,1,18859.18,2025-03-04,2025-04-13,Apr 13 2025,NY-Westchester
PO-25-00532,Allied Commercial,Electrical Panel,8,"$5,981.75",Mar 04 2025,2025-04-26,2025-04-23,NY-Westchester
PO-25-00533,Allied Commercial ,Exhaust Hood,2,"$9,749.26",Mar 05 2025,2025-04-14,2025-04-14,PA-King of Prussia
PO-25-00534,ALLIED COMMERCIAL,Reach-in Refrigerator,15,"4,203 USD",2025-03-07,03/29/2025,2025-03-26,NY-Westchester
PO-25-00535,HARBOR RESTAURANT EQUIPMENT,Dish Machine,1,"$12,915.89",2025-03-07,04/07/2025,2025-04-05,NJ-Union
PO-25-00536,Metro FSE LLC,Induction Range,3,7415.68,Mar 07 2025,2025-04-05,Apr 02 2025,NY-Manhattan
PO-25-00537,Northline  Foodservice ,Combi Oven,1,"$19,290.07",2025-03-08,04/08/2025,2025-04-07,MA-Burlington
PO-25-00538,Summit Equipment Co,Electrical Panel,6,"$6,728.25",2025-03-09,2025-04-27,04/27/2025,NY-Westchester
PO-25-00539,Harbor Restaurant Equipment,Stainless Prep Table,1,"$1,169.57",2025-03-09,Mar 19 2025,2025-03-16,NJ-Paramus
PO-25-00540,Harbor Restaurant Equipment,Dish Machine,24,11351.74,2025-03-09,2025-04-13,2025-04-12,NJ-Union
PO-25-00541,HARBOR RESTAURANT EQUIPMENT,Reach-in Refrigerator,5,"$4,968.19",2025-03-09,2025-03-27,03/27/2025,NJ-Paramus
PO-25-00542,ALLIED COMMERCIAL,Reach-in Refrigerator,13,"4,526 USD",03/10/2025,Mar 31 2025,2025-04-02,PA-King of Prussia
PO-25-00543,SUMMIT EQUIPMENT CO,EXHAUST HOOD,4,"$11,403.21",2025-03-11,2025-05-02,2025-05-02,NJ-Paramus
PO-25-00544,SUMMIT EQUIPMENT CO,Dish Machine,7,11544.48,03/12/2025,04/21/2025,2025-04-20,NJ-Paramus
PO-25-00545,NORTHLINE FOODSERVICE,Fryer,4,"$4,389.39",2025-03-12,2025-03-29,Apr 01 2025,MA-Burlington
PO-25-00546,Summit Equipment Co,Dish Machine,1,"$13,288.38",03/13/2025,2025-04-14,2025-04-11,NJ-Union
PO-25-00547,Harbor Rest. Equip.,Combi Oven,2,"$21,650.55",03/13/2025,2025-04-22,04/20/2025,NY-Westchester
PO-25-00548,Metro FSE,Walk-in Cooler,1,"24,834 USD",03/14/2025,06/01/2025,05/31/2025,NY-Manhattan
PO-25-00549,ALLIED COMMERCIAL,Induction Range,1,"$7,325.58",2025-03-15,04/10/2025,05/16/2025,NY-Westchester
PO-25-00550,Summit Equipment Co,Exhaust Hood,2,11764.62,2025-03-15,2025-05-03,2025-05-02,NJ-Union
PO-25-00551,Allied Commercial ,Fryer,4,3947.12,2025-03-16,Apr 06 2025,2025-04-05,NY-Westchester
PO-25-00552,METRO FSE,Walk-in Cooler,6,22986.59,2025-03-16,05/16/2025,2025-05-16,NY-Westchester
PO-25-00553,Summit Equipment Co,Fryer,19,"$4,023.10",Mar 17 2025,04/10/2025,Apr 08 2025,MA-Burlington
PO-25-00554,Keystone Kitchen Sup.,Ice Machine,1,"$3,829.55",2025-03-18,,03/25/2025,PA-King of Prussia
PO-25-00555,Northline Foodservice,Electrical Panel,18,"5,939 USD",2025-03-19,05/11/2025,2025-05-09,MA-Burlington
PO-25-00556,Harbor Rest. Equip.,Combi Oven,5,19397.57,2025-03-20,05/06/2025,05/03/2025,MA-Burlington
PO-25-00557,Summit Equipment Co.,Reach-in Refrigerator,10,4804.93,03/21/2025,2025-04-09,04/07/2025,NY-Westchester
PO-25-00558,Summit Equipment Co,Ice Machine,13,3635.73,2025-03-22,04/06/2025,2025-04-05,MA-Burlington
PO-25-00559,Keystone Kitchen Supply,Fryer,4,4112.29,Mar 23 2025,2025-04-21,2025-04-19,MA-Burlington
PO-25-00560,Summit Equipment Co,Ice Machine,4,"$4,171.93",03/23/2025,04/07/2025,04/05/2025,NJ-Union
PO-25-00561,METRO FSE,Induction Range,1,"$7,769.16",2025-03-25,Apr 27 2025,2025-04-27,PA-King of Prussia
PO-25-00562,Keystone Kitchen Supply,Exhaust Hood,1,"$10,382.83",2025-03-26,2025-06-05,2025-06-04,NY-Manhattan
PO-25-00563,SUMMIT EQUIPMENT CO,Induction Range,2,"8,579 USD",03/28/2025,04/21/2025,Apr 20 2025,MA-Burlington
PO-25-00564,Allied Commercial Inc.,Walk-in Cooler,4,"24,139 USD",03/28/2025,2025-06-13,06/12/2025,NJ-Union
PO-25-00565,Harbor Rest. Equip.,Reach-in Refrigerator,3,"$5,389.31",03/28/2025,2025-04-21,2025-04-19,NJ-Paramus
PO-25-00566,Keystone Kitchen Sup.,Induction Range,11,"$6,747.55",Mar 30 2025,04/19/2025,Apr 17 2025,NJ-Union
PO-25-00567,Summit Equipment Co,Exhaust Hood,5,10567.01,Apr 01 2025,2025-05-20,May 18 2025,NY-Westchester
PO-25-00568,Harbor Restaurant Equipment,Dish Machine,3,"12,053 USD",2025-04-01,2025-05-03,05/01/2025,NY-Manhattan
PO-25-00569,Harbor Restaurant Equipment,Reach-in Refrigerator,1,"$5,477.94",2025-04-02,2025-04-18,Apr 15 2025,NJ-Paramus
PO-25-00570,ALLIED COMMERCIAL,Fryer,2,"$4,068.86",2025-04-04,2025-05-01,04/29/2025,MA-Burlington
PO-25-00571,Northline  Foodservice ,Dish Machine,8,"11,506 USD",04/05/2025,05/19/2025,05/16/2025,NJ-Union
PO-25-00572,HARBOR RESTAURANT EQUIPMENT,STAINLESS PREP TABLE,3,"1,167 USD",04/05/2025,2025-04-17,Apr 15 2025,MA-Burlington
PO-25-00573,Allied Commercial,Induction Range,4,6897.03,04/06/2025,2025-05-02,2025-05-02,NJ-Paramus
PO-25-00574,Allied Commercial Inc.,Walk-in Cooler,2,"23,941 USD",2025-04-07,2025-05-19,05/19/2025,NJ-Paramus
PO-25-00575,NORTHLINE FOODSERVICE,Reach-in Refrigerator,1,5145.50,Apr 07 2025,2025-04-26,04/23/2025,NJ-Union
PO-25-00576,Summit Equipment Co.,Stainless Prep Table,8,"$1,162.51",2025-04-07,04/17/2025,2025-04-15,NJ-Union
PO-26-01083,Allied Commercial Inc.,Induction Range,7,"$6,799.48",04/30/2026,Jun 10 2026,Jul 29 2026,NJ-Paramus
PO-25-00577,Allied Commercial Inc.,Dish Machine,3,11318.84,04/08/2025,2025-05-23,2025-05-20,PA-King of Prussia
PO-25-00578,Metro FSE,Exhaust Hood,2,"$10,766.84",2025-04-09,2025-05-21,May 21 2025,PA-King of Prussia
PO-25-00579,Allied Commercial ,Combi Oven,1,"$17,420.84",2025-04-10,05/23/2025,05/22/2025,PA-King of Prussia
PO-25-00580,Harbor Rest. Equip.,Electrical Panel,1,"$7,301.29",04/11/2025,May 30 2025,2025-05-30,NY-Manhattan
PO-25-00581,Summit Equipment Co,REACH-IN REFRIGERATOR,8,"5,300 USD",2025-04-11,Apr 28 2025,Apr 27 2025,NY-Westchester
PO-25-00582,Keystone Kitchen Supply,Electrical Panel,3,"6,867 USD",04/12/2025,May 22 2025,2025-05-19,NJ-Paramus
PO-25-00583,Metro FSE,Exhaust Hood,5,9494.04,2025-04-12,2025-06-15,06/13/2025,NY-Westchester
PO-25-00874,Metro FSE LLC,Induction Range,15,"$6,859.80",2025-11-17,12/10/2025,2025-12-07,NY-Westchester
PO-25-00584,Keystone Kitchen Supply LLC,Stainless Prep Table,11,1005.83,2025-04-12,2025-04-24,Apr 27 2025,NY-Manhattan
PO-25-00585,NORTHLINE FOODSERVICE,Dish Machine,16,10351.29,2025-04-14,2025-05-20,May 19 2025,PA-King of Prussia
PO-25-00586,METRO FSE,Induction Range,4,"$7,523.79",04/15/2025,May 20 2025,2025-05-17,MA-Burlington
PO-25-00587,Northline  Foodservice ,Stainless Prep Table,2,"$1,151.60",2025-04-15,Apr 25 2025,04/24/2025,PA-King of Prussia
PO-25-00588,Allied Commercial,Walk-in Cooler,4,"24,398 USD",04/17/2025,07/09/2025,Jul 27 2025,NY-Manhattan
PO-25-00589,Summit Equipment Co,Exhaust Hood,2,"$11,923.25",04/19/2025,Jun 06 2025,2025-06-06,PA-King of Prussia
PO-25-00590,ALLIED COMMERCIAL,Stainless Prep Table,1,"$1,098.08",2025-04-19,2025-04-28,Apr 27 2025,PA-King of Prussia
PO-25-00591,Summit Equipment Co,Fryer,22,"4,162 USD",2025-04-21,05/11/2025,May 10 2025,NJ-Union
PO-25-00592,Northline Foodservice,Stainless Prep Table,3,"$1,173.60",2025-04-21,04/30/2025,04/29/2025,NY-Manhattan
PO-25-00593,Summit Equipment Co,Fryer,4,"$4,760.95",04/23/2025,2025-05-12,2025-05-10,NY-Manhattan
PO-25-00594,METRO FSE,Induction Range,1,7350.93,2025-04-25,06/01/2025,05/31/2025,NY-Westchester
PO-25-00595,Northline  Foodservice ,Induction Range,2,"$7,490.88",04/25/2025,05/30/2025,May 28 2025,NY-Westchester
PO-25-00596,Northline Foodservice,ELECTRICAL PANEL,8,"6,863 USD",2025-04-25,06/13/2025,2025-06-13,PA-King of Prussia
PO-25-00597,Summit Equipment Co,Exhaust Hood,3,"$11,882.75",2025-04-26,2025-06-05,06/05/2025,NJ-Paramus
PO-25-00598,Summit Equipment Co.,Exhaust Hood,0,11964.82,04/27/2025,2025-06-23,06/21/2025,MA-Burlington
PO-25-00599,Harbor Restaurant Equipment,Stainless Prep Table,4,1193.96,Apr 27 2025,05/06/2025,2025-05-04,NJ-Paramus
PO-25-00600,Allied Commercial Inc.,Stainless Prep Table,2,1047.45,04/27/2025,2025-05-09,2025-05-19,PA-King of Prussia
PO-25-00601,HARBOR RESTAURANT EQUIPMENT,Induction Range,2,8305.79,2025-04-29,2025-06-01,2025-05-30,PA-King of Prussia
PO-25-00602,SUMMIT EQUIPMENT CO,Combi Oven,1,"21,510 USD",04/29/2025,05/27/2025,May 27 2025,NY-Westchester
PO-25-00603,Metro FSE LLC,DISH MACHINE,4,"$12,118.94",2025-04-29,06/08/2025,06/06/2025,NY-Manhattan
PO-25-00604,Allied Commercial,Reach-in Refrigerator,6,"4,778 USD",2025-04-29,May 18 2025,05/29/2025,NJ-Paramus
PO-25-00605,KEYSTONE KITCHEN SUPPLY,Stainless Prep Table,3,1071.61,05/01/2025,05/12/2025,2025-05-10,MA-Burlington
PO-25-00606,Summit Equipment Co.,Stainless Prep Table,2,"1,233 USD",2025-05-02,2025-05-10,05/09/2025,PA-King of Prussia
PO-25-00607,Allied Commercial ,Stainless Prep Table,18,924 USD,05/02/2025,05/15/2025,May 17 2025,NJ-Paramus
PO-25-00608,Allied Commercial Inc.,Fryer,23,"$3,438.92",05/04/2025,May 27 2025,06/14/2025,NY-Manhattan
PO-25-00609,Keystone Kitchen Supply LLC,Exhaust Hood,1,10607.70,May 05 2025,2025-07-07,2025-07-05,NY-Manhattan
PO-25-00610,Allied Commercial Inc.,Stainless Prep Table,8,"$1,003.93",05/05/2025,May 15 2025,05/28/2025,MA-Burlington
PO-25-00611,Metro FSE LLC,Combi Oven,2,"$18,916.23",May 05 2025,2025-06-14,2025-06-12,NJ-Paramus
PO-25-00612,ALLIED COMMERCIAL,Walk-in Cooler,5,21505.67,2025-05-07,Jul 20 2025,Aug 14 2025,NJ-Paramus
PO-25-00613,Metro FSE LLC,Ice Machine,15,3369.05,05/07/2025,May 24 2025,2025-06-11,PA-King of Prussia
PO-25-00614,Metro FSE LLC,Exhaust Hood,3,"$10,022.59",May 08 2025,2025-07-22,2025-07-30,PA-King of Prussia
PO-25-00615,Summit Equipment Co,Stainless Prep Table,21,1121.45,May 09 2025,May 18 2025,2025-05-18,NJ-Paramus
PO-25-00616,Harbor Restaurant Equipment,Walk-in Cooler,2,"27,946 USD",05/11/2025,2025-07-14,07/14/2025,NY-Manhattan
PO-25-00617,Keystone Kitchen Sup.,Exhaust Hood,5,9949.85,May 11 2025,2025-06-24,2025-06-21,MA-Burlington
PO-25-00618,KEYSTONE KITCHEN SUPPLY,Fryer,4,4021.85,2025-05-11,May 30 2025,2025-05-30,NY-Westchester
PO-25-00619,Northline Foodservice,Electrical Panel,1,"7,329 USD",May 11 2025,2025-07-01,2025-06-29,PA-King of Prussia
PO-25-00620,HARBOR RESTAURANT EQUIPMENT,Walk-in Cooler,4,"$26,401.25",05/14/2025,07/29/2025,07/29/2025,NY-Westchester
PO-25-00621,NORTHLINE FOODSERVICE,Combi Oven,3,"19,458 USD",2025-05-14,2025-06-25,Jun 23 2025,NY-Westchester
PO-25-00622,Allied Commercial,Fryer,3,"$3,899.92",May 14 2025,May 31 2025,2025-05-30,MA-Burlington
PO-25-00623,Allied Commercial Inc.,Ice Machine,4,"$3,562.99",2025-05-14,2025-05-28,05/28/2025,NJ-Paramus
PO-25-00624,Harbor Rest. Equip.,Fryer,2,"4,728 USD",May 14 2025,06/04/2025,2025-06-01,MA-Burlington
PO-25-00625,Keystone Kitchen Sup.,Induction Range,6,"$6,504.32",2025-05-16,2025-06-12,2025-06-12,NY-Manhattan
PO-25-00626,Allied Commercial,Fryer,17,"$3,478.58",May 18 2025,2025-06-10,06/10/2025,NJ-Union
PO-25-00627,Northline Foodservice Inc.,Induction Range,2,"$7,572.94",2025-05-21,2025-06-19,06/18/2025,MA-Burlington
PO-25-00628,NORTHLINE FOODSERVICE,Walk-in Cooler,3,24576.26,2025-05-22,07/21/2025,2025-07-19,NY-Manhattan
PO-25-00629,Harbor Rest. Equip.,Fryer,18,"$4,209.20",May 24 2025,06/06/2025,06/08/2025,NY-Westchester
PO-25-00630,Allied Commercial ,Electrical Panel,4,"$6,486.90",2025-05-25,07/20/2025,Jul 19 2025,NY-Manhattan
PO-25-00631,SUMMIT EQUIPMENT CO,Ice Machine,19,3964.41,2025-05-26,2025-06-14,Jun 13 2025,NY-Manhattan
PO-25-00632,Allied Commercial Inc.,EXHAUST HOOD,6,"$8,919.95",May 26 2025,2025-08-02,07/31/2025,PA-King of Prussia
PO-25-00633,Summit Equipment Co,Walk-in Cooler,6,26600.24,May 26 2025,2025-07-02,Jun 29 2025,NY-Westchester
PO-25-00634,Harbor Restaurant Equipment,Dish Machine,21,"$11,473.00",2025-05-26,Jul 03 2025,Jul 08 2025,NY-Manhattan
PO-25-00635,Allied Commercial Inc.,Induction Range,4,7275.85,2025-05-26,2025-06-22,06/20/2025,NJ-Union
PO-25-00636,Keystone Kitchen Supply LLC,Induction Range,9,6946.95,05/27/2025,Jun 23 2025,2025-06-22,NJ-Union
PO-25-00637,Summit Equipment Co,Electrical Panel,19,"$6,574.25",2025-05-27,2025-07-24,2025-07-24,NJ-Union
PO-25-00638,Keystone Kitchen Sup.,Reach-in Refrigerator,2,"5,390 USD",2025-05-28,Jun 13 2025,2025-06-20,NJ-Union
PO-25-00639,ALLIED COMMERCIAL,Reach-in Refrigerator,19,"4,281 USD",May 28 2025,2025-06-19,06/21/2025,PA-King of Prussia
PO-25-00640,Harbor Rest. Equip.,Stainless Prep Table,1,1205.05,05/30/2025,2025-06-13,2025-06-11,PA-King of Prussia
PO-25-00641,Metro FSE,Fryer,12,"3,641 USD",2025-05-30,2025-06-21,2025-06-22,NY-Manhattan
PO-25-00642,KEYSTONE KITCHEN SUPPLY,Fryer,6,4040.69,06/03/2025,06/26/2025,2025-06-23,MA-Burlington
PO-25-00643,Northline Foodservice,Dish Machine,1,12262.38,2025-06-03,07/07/2025,2025-07-06,MA-Burlington
PO-25-00644,Allied Commercial,Fryer,7,36323.90,Jun 03 2025,06/26/2025,2025-06-23,NY-Manhattan
PO-25-00645,NORTHLINE FOODSERVICE,Walk-in Cooler,6,"25,023 USD",06/04/2025,2025-08-07,2025-08-05,PA-King of Prussia
PO-25-00646,Northline Foodservice Inc.,Induction Range,5,"$6,942.63",Jun 05 2025,06/28/2025,2025-06-25,NY-Westchester
PO-25-00647,Keystone Kitchen Sup.,Walk-in Cooler,3,"24,348 USD",06/07/2025,2025-08-05,08/05/2025,NJ-Paramus
PO-25-00648,Summit Equipment Co.,Reach-in Refrigerator,8,"$5,280.14",Jun 07 2025,2025-07-04,2025-07-04,NJ-Union
PO-25-00649,Metro FSE LLC,Walk-in Cooler,3,"26,906 USD",06/07/2025,2025-08-11,Aug 14 2025,MA-Burlington
PO-25-00650,NORTHLINE FOODSERVICE,Stainless Prep Table,12,"1,038 USD",06/08/2025,2025-06-17,2025-06-14,MA-Burlington
PO-25-00651,Northline  Foodservice ,Stainless Prep Table,3,"$1,211.19",2025-06-09,2025-06-19,06/17/2025,PA-King of Prussia
PO-25-00652,Harbor Rest. Equip.,Walk-in Cooler,3,"26,194 USD",2025-06-10,2025-08-06,08/03/2025,NY-Manhattan
PO-25-00653,Summit Equipment Co.,REACH-IN REFRIGERATOR,15,"5,029 USD",06/11/2025,2025-06-25,06/25/2025,MA-Burlington
PO-25-00654,Harbor Rest. Equip.,Ice Machine,2,"$4,269.97",2025-06-11,2025-06-27,06/27/2025,PA-King of Prussia
PO-25-00655,Keystone Kitchen Supply LLC,Stainless Prep Table,15,9736.10,06/12/2025,06/23/2025,Jun 20 2025,PA-King of Prussia
PO-25-00656,Allied Commercial Inc.,Exhaust Hood,5,9227.99,2025-06-13,08/11/2025,2025-08-13,NY-Westchester
PO-25-00657,Metro FSE LLC,Fryer,11,"3,731 USD",2025-06-13,2025-06-30,2025-06-28,NY-Westchester
PO-25-00658,Summit Equipment Co,Stainless Prep Table,5,"$1,134.47",06/14/2025,06/25/2025,06/25/2025,PA-King of Prussia
PO-25-00659,METRO FSE,Stainless Prep Table,5,"$1,105.34",06/15/2025,06/23/2025,2025-06-23,NY-Manhattan
PO-25-00660,Allied Commercial ,Walk-in Cooler,2,23301.26,06/17/2025,Jul 29 2025,2025-09-01,NY-Manhattan
PO-25-00661,SUMMIT EQUIPMENT CO,Exhaust Hood,2,"$11,308.61",2025-06-17,2025-08-08,08/05/2025,NJ-Paramus
PO-25-00662,HARBOR RESTAURANT EQUIPMENT,Induction Range,4,"8,150 USD",06/17/2025,2025-07-14,Jul 14 2025,NJ-Paramus
PO-25-00663,Northline  Foodservice ,Reach-in Refrigerator,7,"5,064 USD",2025-06-17,2025-07-04,07/03/2025,NY-Manhattan
PO-25-00664,Allied Commercial Inc.,Combi Oven,6,17657.16,06/17/2025,07/22/2025,Jul 22 2025,NY-Manhattan
PO-25-00665,Harbor Restaurant Equipment,Ice Machine,21,"$3,695.54",Jun 18 2025,2025-07-03,06/30/2025,NJ-Paramus
PO-25-00666,Allied Commercial,Walk-in Cooler,3,"$22,738.44",2025-06-18,2025-08-07,2025-08-20,NJ-Union
PO-25-00667,Summit Equipment Co.,Electrical Panel,2,"$7,461.77",06/19/2025,2025-08-08,08/08/2025,NJ-Paramus
PO-25-00668,SUMMIT EQUIPMENT CO,Fryer,3,"4,771 USD",Jun 21 2025,07/12/2025,2025-07-12,NJ-Union
PO-25-00669,Harbor Restaurant Equipment,FRYER,3,4719.39,Jun 21 2025,07/07/2025,2025-07-06,NY-Manhattan
PO-25-00670,Harbor Restaurant Equipment,Walk-in Cooler,0,"26,432 USD",2025-06-23,09/04/2025,09/04/2025,NY-Westchester
PO-25-00671,METRO FSE,Reach-in Refrigerator,17,"4,489 USD",Jun 23 2025,2025-07-10,Jul 08 2025,NY-Westchester
PO-25-00672,Allied Commercial ,Dish Machine,18,9729.59,2025-06-27,2025-08-04,2025-08-10,NJ-Paramus
PO-25-00673,Northline Foodservice Inc.,Stainless Prep Table,6,1083.08,06/27/2025,07/04/2025,07/03/2025,PA-King of Prussia
PO-25-00674,Summit Equipment Co,Ice Machine,4,4065.66,2025-06-29,Jul 10 2025,2025-07-08,MA-Burlington
PO-25-00675,Summit Equipment Co,Ice Machine,4,"4,478 USD",2025-06-29,2025-07-17,Jul 17 2025,NY-Westchester
PO-25-00676,Metro FSE,Fryer,9,"4,235 USD",2025-06-30,2025-07-30,2025-07-28,NY-Westchester
PO-25-00677,Keystone Kitchen Sup.,COMBI OVEN,3,19697.99,2025-06-30,2025-07-28,Jul 31 2025,NY-Manhattan
PO-25-00678,Northline  Foodservice ,Exhaust Hood,1,10904.95,Jun 30 2025,Aug 31 2025,2025-08-29,NJ-Paramus
PO-25-00679,Northline  Foodservice ,Fryer,9,4291.26,2025-07-01,Jul 18 2025,07/16/2025,MA-Burlington
PO-25-00680,Keystone Kitchen Supply LLC,Induction Range,4,"$7,262.13",Jul 03 2025,Aug 01 2025,2025-08-23,NJ-Union
PO-25-00681,NORTHLINE FOODSERVICE,Combi Oven,2,"$20,965.66",Jul 03 2025,,2025-08-09,NJ-Union
PO-25-00682,Summit Equipment Co,ICE MACHINE,11,"3,889 USD",2025-07-04,2025-07-20,07/20/2025,NJ-Union
PO-25-00683,SUMMIT EQUIPMENT CO,ICE MACHINE,2,4369.97,2025-07-04,07/19/2025,Jul 19 2025,NY-Manhattan
PO-25-00684,SUMMIT EQUIPMENT CO,Reach-in Refrigerator,21,"5,176 USD",2025-07-04,2025-07-28,07/28/2025,NJ-Paramus
PO-25-00685,Harbor Restaurant Equipment,Induction Range,2,8107.32,07/05/2025,Jul 27 2025,07/26/2025,MA-Burlington
PO-25-00686,HARBOR RESTAURANT EQUIPMENT,Walk-in Cooler,4,"27,432 USD",Jul 05 2025,2025-09-03,2025-09-03,NY-Westchester
PO-25-00687,KEYSTONE KITCHEN SUPPLY,Ice Machine,8,3658.74,07/05/2025,Jul 22 2025,Jul 20 2025,NJ-Paramus
PO-25-00458,SUMMIT EQUIPMENT CO,Induction Range,4,7741.85,2025-01-06,02/07/2025,2025-02-07,MA-Burlington
PO-25-00688,Keystone Kitchen Supply LLC,Reach-in Refrigerator,2,"5,177 USD",2025-07-07,2025-07-25,2025-07-23,NY-Manhattan
PO-25-00689,SUMMIT EQUIPMENT CO,Combi Oven,5,20360.28,2025-07-07,2025-08-11,2025-08-10,MA-Burlington
PO-25-00690,Allied Commercial Inc.,Induction Range,2,7125.95,2025-07-09,2025-08-08,2025-08-05,PA-King of Prussia
PO-25-00691,SUMMIT EQUIPMENT CO,Dish Machine,2,13334.46,2025-07-09,2025-07-31,2025-07-29,PA-King of Prussia
PO-25-00692,METRO FSE,Dish Machine,1,"12,805 USD",07/09/2025,2025-08-17,2025-08-16,NY-Manhattan
PO-25-00693,Keystone Kitchen Sup.,STAINLESS PREP TABLE,4,1088.61,2025-07-11,07/20/2025,07/20/2025,NY-Westchester
PO-25-00694,Keystone Kitchen Sup.,Walk-in Cooler,1,25059.98,2025-07-13,Sep 15 2025,10/09/2025,NJ-Paramus
PO-25-00695,Harbor Restaurant Equipment,Dish Machine,2,"13,217 USD",07/18/2025,08/20/2025,Aug 19 2025,NY-Westchester
PO-25-00696,Summit Equipment Co.,Walk-in Cooler,6,"$25,546.40",2025-07-18,09/25/2025,2025-09-25,NY-Westchester
PO-25-00697,Allied Commercial ,Electrical Panel,2,6551.35,2025-07-19,2025-08-19,08/17/2025,MA-Burlington
PO-25-00698,Northline  Foodservice ,Ice Machine,4,"4,055 USD",Jul 20 2025,2025-08-03,Aug 03 2025,NY-Manhattan
PO-25-00699,Metro FSE,Electrical Panel,3,"7,092 USD",07/21/2025,2025-08-29,Aug 26 2025,NY-Westchester
PO-25-00700,Harbor Restaurant Equipment,Ice Machine,1,4177.04,2025-07-25,08/09/2025,2025-08-08,NJ-Paramus
PO-25-00701,Keystone Kitchen Supply LLC,Induction Range,10,"$6,745.42",Jul 25 2025,2025-08-16,Aug 18 2025,PA-King of Prussia
PO-25-00702,Allied Commercial,Walk-in Cooler,2,"$24,723.07",2025-07-26,2025-10-04,2025-10-03,NY-Manhattan
PO-25-00703,KEYSTONE KITCHEN SUPPLY,Induction Range,1,"$7,189.75",Jul 26 2025,2025-08-21,08/21/2025,MA-Burlington
PO-25-00704,Metro FSE,COMBI OVEN,1,19402.50,2025-07-26,2025-09-06,2025-09-04,PA-King of Prussia
PO-25-00705,Harbor Restaurant Equipment,Electrical Panel,4,"$7,174.10",07/27/2025,2025-09-29,2025-09-28,NJ-Paramus
PO-25-00706,KEYSTONE KITCHEN SUPPLY,STAINLESS PREP TABLE,1,1107.17,07/28/2025,2025-08-11,Aug 26 2025,NJ-Paramus
PO-24-00282,ALLIED COMMERCIAL,Walk-in Cooler,4,22996.24,2024-07-29,Oct 20 2024,Oct 25 2024,NJ-Paramus
PO-25-00707,SUMMIT EQUIPMENT CO,Reach-in Refrigerator,5,"5,402 USD",2025-07-28,08/12/2025,08/10/2025,NY-Manhattan
PO-25-00708,HARBOR RESTAURANT EQUIPMENT,Fryer,1,"4,538 USD",2025-07-29,08/19/2025,2025-08-16,NY-Westchester
PO-25-00709,Summit Equipment Co,Walk-in Cooler,4,29255.66,Jul 29 2025,Sep 24 2025,2025-09-24,NY-Manhattan
PO-25-00710,Northline Foodservice,Reach-in Refrigerator,1,5451.04,2025-07-29,2025-08-17,2025-08-16,PA-King of Prussia
PO-25-00711,Harbor Restaurant Equipment,Fryer,24,"$3,979.51",Jul 30 2025,08/17/2025,2025-08-14,NJ-Union
PO-25-00712,KEYSTONE KITCHEN SUPPLY,Combi Oven,4,"19,200 USD",07/31/2025,Sep 17 2025,Sep 16 2025,NY-Westchester
PO-25-00713,Harbor Rest. Equip.,Exhaust Hood,3,10966.79,2025-08-01,10/12/2025,2025-10-09,NY-Westchester
PO-25-00714,HARBOR RESTAURANT EQUIPMENT,Electrical Panel,3,"7,114 USD",2025-08-02,2025-09-18,09/16/2025,NJ-Union
PO-25-00715,Keystone Kitchen Supply,Exhaust Hood,4,"10,779 USD",08/02/2025,2025-09-29,09/26/2025,MA-Burlington
PO-25-00716,Keystone Kitchen Supply LLC,STAINLESS PREP TABLE,6,"$1,056.64",Aug 03 2025,08/11/2025,08/08/2025,MA-Burlington
PO-25-00717,Keystone Kitchen Sup.,Electrical Panel,4,"$6,537.81",2025-08-06,Sep 09 2025,2025-09-07,NY-Westchester
PO-25-00718,Allied Commercial ,Walk-in Cooler,3,"$25,175.10",2025-08-06,2025-09-29,2025-09-26,MA-Burlington
PO-25-00719,Metro FSE,Dish Machine,2,"11,722 USD",2025-08-08,Sep 15 2025,09/15/2025,NY-Westchester
PO-25-00720,NORTHLINE FOODSERVICE,Electrical Panel,2,"7,557 USD",2025-08-12,10/04/2025,10/02/2025,NJ-Union
PO-25-00721,Summit Equipment Co.,Combi Oven,1,"$22,063.34",08/12/2025,09/20/2025,2025-09-18,MA-Burlington
PO-25-00722,NORTHLINE FOODSERVICE,Stainless Prep Table,8,"$1,137.13",08/12/2025,Aug 22 2025,Aug 19 2025,NY-Manhattan
PO-25-00723,Northline Foodservice Inc.,Combi Oven,4,"$20,024.04",Aug 12 2025,09/21/2025,2025-09-21,PA-King of Prussia
PO-25-00724,Summit Equipment Co.,Induction Range,2,"8,485 USD",2025-08-13,09/09/2025,2025-09-09,MA-Burlington
PO-25-00725,Summit Equipment Co,Ice Machine,1,"$42,999.80",Aug 14 2025,2025-08-31,Aug 28 2025,PA-King of Prussia
PO-25-00726,SUMMIT EQUIPMENT CO,Walk-in Cooler,1,"28,255 USD",2025-08-14,2025-10-06,2025-10-06,NJ-Paramus
PO-25-00727,Harbor Restaurant Equipment,Combi Oven,3,"$21,568.28",2025-08-15,2025-09-13,2025-09-12,NJ-Union
PO-25-00728,Summit Equipment Co.,EXHAUST HOOD,5,"$10,495.50",2025-08-15,Oct 02 2025,2025-09-29,PA-King of Prussia
PO-25-00729,Metro FSE LLC,Ice Machine,1,4071.38,2025-08-15,08/24/2025,Aug 21 2025,MA-Burlington
PO-25-00730,Metro FSE LLC,Walk-in Cooler,6,"$25,406.66",08/16/2025,2025-10-27,2025-10-24,MA-Burlington
PO-25-00731,Summit Equipment Co.,Stainless Prep Table,20,"$1,123.93",Aug 18 2025,2025-08-28,08/27/2025,NJ-Paramus
PO-25-00732,Keystone Kitchen Sup.,Ice Machine,4,"$3,759.96",08/18/2025,2025-09-02,09/01/2025,NY-Manhattan
PO-25-00733,Northline Foodservice Inc.,Induction Range,1,"8,141 USD",2025-08-19,2025-09-21,09/18/2025,MA-Burlington
PO-25-00734,NORTHLINE FOODSERVICE,Combi Oven,1,"$20,938.98",08/19/2025,09/23/2025,09/25/2025,PA-King of Prussia
PO-25-00735,Northline Foodservice,Dish Machine,2,"$12,576.11",Aug 20 2025,2025-09-27,Sep 24 2025,NJ-Paramus
PO-25-00736,Summit Equipment Co.,Combi Oven,2,"$20,896.29",Aug 20 2025,2025-10-01,2025-09-29,PA-King of Prussia
PO-26-00966,Metro FSE LLC,Combi Oven,4,20388.74,01/24/2026,Mar 11 2026,2026-03-08,MA-Burlington
PO-25-00737,Metro FSE,Exhaust Hood,3,11116.59,2025-08-21,Oct 27 2025,10/29/2025,NJ-Paramus
PO-25-00738,Summit Equipment Co,Induction Range,4,"8,388 USD",08/21/2025,09/20/2025,2025-09-17,NY-Manhattan
PO-25-00739,KEYSTONE KITCHEN SUPPLY,Induction Range,8,7060.95,Aug 21 2025,09/25/2025,2025-09-24,NY-Westchester
PO-25-00740,Summit Equipment Co.,Ice Machine,11,"3,799 USD",Aug 22 2025,2025-09-03,2025-09-02,NJ-Paramus
PO-25-00741,Northline Foodservice,Ice Machine,14,"$3,667.68",Aug 22 2025,2025-09-05,09/04/2025,MA-Burlington
PO-25-00742,SUMMIT EQUIPMENT CO,Combi Oven,5,"$19,752.40",08/22/2025,2025-09-25,09/23/2025,MA-Burlington
PO-25-00743,Harbor Restaurant Equipment,Reach-in Refrigerator,16,"$4,970.59",2025-08-22,2025-09-01,2025-08-31,PA-King of Prussia
PO-25-00744,Keystone Kitchen Sup.,Walk-in Cooler,4,"26,033 USD",2025-08-23,2025-11-07,11/04/2025,NY-Manhattan
PO-25-00745,Allied Commercial ,Exhaust Hood,3,"10,363 USD",08/24/2025,10/01/2025,2025-09-29,NY-Manhattan
PO-25-00746,Metro FSE,Walk-in Cooler,2,"25,625 USD",2025-08-24,Oct 26 2025,10/25/2025,NY-Westchester
PO-25-00747,ALLIED COMMERCIAL,Electrical Panel,8,"6,138 USD",2025-08-24,2025-10-27,10/24/2025,NY-Manhattan
PO-25-00748,Keystone Kitchen Sup.,Electrical Panel,5,6166.40,2025-08-25,Oct 09 2025,Oct 31 2025,NJ-Union
PO-25-00749,Summit Equipment Co.,Exhaust Hood,1,"$11,618.00",08/25/2025,2025-10-13,2025-10-11,NY-Manhattan
PO-25-00750,Northline Foodservice Inc.,Stainless Prep Table,4,"$1,161.79",2025-08-26,Sep 08 2025,09/08/2025,NJ-Paramus
PO-25-00751,ALLIED COMMERCIAL,Combi Oven,5,16417.66,08/26/2025,10/05/2025,2025-10-02,NJ-Union
PO-25-00752,Summit Equipment Co.,Ice Machine,2,"$4,340.87",2025-08-27,2025-09-11,2025-09-10,MA-Burlington
PO-25-00753,Northline  Foodservice ,Ice Machine,2,"$4,060.36",2025-08-27,Sep 06 2025,2025-09-05,NY-Manhattan
PO-25-00754,ALLIED COMMERCIAL,Ice Machine,7,3482.04,Aug 28 2025,09/11/2025,2025-09-08,NJ-Union
PO-25-00755,Summit Equipment Co,Dish Machine,9,"$11,695.98",2025-08-29,2025-10-13,10/12/2025,NY-Westchester
PO-25-00756,Allied Commercial ,Stainless Prep Table,1,"$1,128.55",Aug 29 2025,2025-09-11,2025-09-08,NJ-Union
PO-25-00757,Harbor Restaurant Equipment,Exhaust Hood,1,11595.85,08/29/2025,10/18/2025,2025-10-17,NY-Manhattan
PO-25-00758,Metro FSE,Electrical Panel,4,"7,209 USD",2025-08-30,10/28/2025,10/31/2025,NJ-Paramus
PO-25-00759,Allied Commercial,Electrical Panel,3,6623.21,2025-08-31,2025-10-25,2025-11-11,NJ-Paramus
PO-25-00760,Allied Commercial Inc.,Stainless Prep Table,8,"$1,050.49",2025-08-31,2025-09-12,2025-09-12,NJ-Paramus
PO-25-00761,Northline Foodservice Inc.,Fryer,1,4562.33,2025-09-02,2025-09-25,09/22/2025,PA-King of Prussia
PO-25-00762,METRO FSE,Combi Oven,1,20974.86,Sep 02 2025,11/05/2025,Nov 03 2025,NJ-Union
PO-25-00763,HARBOR RESTAURANT EQUIPMENT,ELECTRICAL PANEL,4,"$7,228.98",2025-09-03,10/17/2025,Oct 16 2025,PA-King of Prussia
PO-25-00764,ALLIED COMMERCIAL,Electrical Panel,1,6941.83,2025-09-04,10/26/2025,2025-10-26,PA-King of Prussia
PO-25-00765,Summit Equipment Co.,Fryer,22,"4,309 USD",2025-09-04,09/22/2025,2025-09-21,NY-Manhattan
PO-25-00766,Metro FSE LLC,Dish Machine,4,12555.40,2025-09-05,10/05/2025,10/05/2025,NJ-Paramus
PO-25-00767,KEYSTONE KITCHEN SUPPLY,Reach-in Refrigerator,5,"$4,823.95",Sep 07 2025,09/23/2025,2025-09-23,NJ-Paramus
PO-25-00768,Allied Commercial ,Electrical Panel,3,"$6,363.01",2025-09-08,Oct 19 2025,2025-11-15,NY-Westchester
PO-25-00769,Northline Foodservice Inc.,Reach-in Refrigerator,16,4943.92,2025-09-08,09/23/2025,Sep 22 2025,NY-Manhattan
PO-25-00770,Harbor Restaurant Equipment,Fryer,2,"$4,848.87",Sep 09 2025,10/03/2025,Oct 03 2025,NJ-Paramus
PO-25-00771,NORTHLINE FOODSERVICE,Dish Machine,1,12539.88,2025-09-09,2025-10-22,10/20/2025,NY-Manhattan
PO-25-00772,Harbor Restaurant Equipment,Stainless Prep Table,9,"11,625 USD",Sep 10 2025,2025-09-19,2025-09-18,NJ-Union
PO-25-00773,METRO FSE,Induction Range,1,7742.29,2025-09-11,10/13/2025,2025-10-14,MA-Burlington
PO-25-00774,Allied Commercial,EXHAUST HOOD,5,"9,079 USD",Sep 12 2025,Nov 21 2025,2025-11-24,NJ-Union
PO-25-00775,Keystone Kitchen Sup.,Ice Machine,7,"36,576 USD",2025-09-12,Sep 26 2025,2025-09-23,NY-Manhattan
PO-25-00776,SUMMIT EQUIPMENT CO,Stainless Prep Table,5,"1,113 USD",09/12/2025,2025-09-20,09/23/2025,NY-Manhattan
PO-25-00777,Harbor Restaurant Equipment,Walk-in Cooler,2,"$27,852.89",09/12/2025,11/08/2025,2025-11-08,NJ-Paramus
PO-25-00778,ALLIED COMMERCIAL,Induction Range,1,"$7,119.46",2025-09-13,2025-10-17,2025-10-15,NJ-Union
PO-25-00779,Allied Commercial Inc.,Induction Range,2,"7,304 USD",2025-09-13,Oct 14 2025,2025-10-12,NY-Manhattan
PO-25-00780,Allied Commercial Inc.,Stainless Prep Table,13,$994.75,09/14/2025,2025-09-26,2025-09-24,NY-Westchester
PO-25-00781,Harbor Rest. Equip.,WALK-IN COOLER,2,27573.07,2025-09-15,2025-11-04,2025-11-03,NY-Manhattan
PO-25-00782,Harbor Restaurant Equipment,Dish Machine,9,"$11,783.31",Sep 15 2025,2025-10-26,10/23/2025,PA-King of Prussia
PO-25-00783,Allied Commercial ,Combi Oven,2,"19,721 USD",2025-09-19,11/13/2025,2025-11-13,NJ-Paramus
PO-25-00674,Summit Equipment Co,Ice Machine,4,4065.66,2025-06-29,Jul 10 2025,2025-07-08,MA-Burlington
PO-25-00784,Keystone Kitchen Supply LLC,Stainless Prep Table,20,"$1,021.32",2025-09-20,09/28/2025,09/26/2025,NY-Westchester
PO-24-00228,METRO FSE,Electrical Panel,24,5799.53,06/24/2024,08/25/2024,Aug 24 2024,NY-Manhattan
PO-25-00785,Allied Commercial,Fryer,5,"$3,625.98",Sep 20 2025,10/15/2025,Oct 13 2025,PA-King of Prussia
PO-25-00786,Keystone Kitchen Supply,Walk-in Cooler,6,"$23,516.69",Sep 21 2025,2025-10-21,10/18/2025,NY-Westchester
PO-25-00787,KEYSTONE KITCHEN SUPPLY,Induction Range,1,"$7,201.93",2025-09-22,Oct 26 2025,10/23/2025,NJ-Paramus
PO-25-00788,Allied Commercial,Stainless Prep Table,2,"$1,072.84",2025-09-22,Oct 03 2025,2025-11-17,MA-Burlington
PO-25-00789,NORTHLINE FOODSERVICE,Dish Machine,3,12744.45,2025-09-22,10/24/2025,Oct 23 2025,MA-Burlington
PO-25-00790,Allied Commercial Inc.,Walk-in Cooler,1,24332.93,09/23/2025,12/05/2025,12/03/2025,PA-King of Prussia
PO-25-00791,Summit Equipment Co.,Walk-in Cooler,1,28647.55,2025-09-23,11/25/2025,Nov 23 2025,NY-Manhattan
PO-25-00792,Northline  Foodservice ,Walk-in Cooler,3,26405.12,09/24/2025,Nov 24 2025,12/01/2025,NJ-Union
PO-25-00793,Summit Equipment Co,Exhaust Hood,3,11445.92,Sep 24 2025,Nov 20 2025,11/18/2025,MA-Burlington
PO-25-00794,Northline Foodservice Inc.,Fryer,1,"$4,332.54",09/24/2025,2025-10-23,2025-10-22,NY-Manhattan
PO-25-00795,Harbor Rest. Equip.,Stainless Prep Table,8,1173.43,2025-09-25,2025-10-07,10/06/2025,NJ-Union
PO-25-00796,NORTHLINE FOODSERVICE,Fryer,20,4065.52,2025-09-26,Oct 18 2025,10/18/2025,NJ-Union
PO-25-00797,Metro FSE,Walk-in Cooler,1,"$26,678.72",Sep 27 2025,2025-12-03,Dec 02 2025,MA-Burlington
PO-25-00798,Keystone Kitchen Supply,Induction Range,1,"$7,144.45",09/27/2025,2025-10-29,2025-10-26,NY-Westchester
PO-25-00799,Northline Foodservice,Electrical Panel,19,6513.83,Sep 29 2025,2025-11-09,2025-11-06,NY-Manhattan
PO-25-00800,Allied Commercial,Walk-in Cooler,2,"$26,017.67",2025-09-29,Dec 01 2025,2025-12-25,MA-Burlington
PO-25-00801,Keystone Kitchen Supply LLC,Induction Range,1,"$7,137.11",2025-09-29,2025-11-03,11/02/2025,NJ-Union
PO-25-00802,Metro FSE LLC,Fryer,3,"$4,392.61",09/29/2025,10/21/2025,2025-10-21,PA-King of Prussia
PO-25-00803,Summit Equipment Co,Fryer,11,4225.94,Oct 01 2025,,Oct 18 2025,PA-King of Prussia
PO-25-00804,Harbor Rest. Equip.,Walk-in Cooler,3,26595.15,2025-10-02,11/23/2025,2025-11-23,NY-Manhattan
PO-25-00805,Allied Commercial ,Reach-in Refrigerator,23,"$4,598.27",Oct 02 2025,2025-10-18,2025-12-05,NY-Manhattan
PO-25-00806,Metro FSE,Induction Range,1,75834.60,2025-10-03,Oct 29 2025,2025-10-29,PA-King of Prussia
PO-25-00807,Metro FSE LLC,Ice Machine,4,"$4,161.23",10/03/2025,10/15/2025,2025-10-12,PA-King of Prussia
PO-25-00808,NORTHLINE FOODSERVICE,Ice Machine,1,4131.99,2025-10-03,2025-10-21,2025-10-18,PA-King of Prussia
PO-25-00809,Northline  Foodservice ,Stainless Prep Table,12,992.35,10/03/2025,10/14/2025,10/14/2025,NY-Westchester
PO-25-00810,Keystone Kitchen Supply,Ice Machine,1,3862.25,2025-10-04,2025-10-17,2025-10-14,MA-Burlington
PO-25-00811,KEYSTONE KITCHEN SUPPLY,Electrical Panel,1,"$6,763.43",10/05/2025,Nov 27 2025,11/26/2025,NJ-Union
PO-25-00812,NORTHLINE FOODSERVICE,Electrical Panel,12,"$6,196.04",10/06/2025,11/24/2025,Nov 28 2025,NY-Westchester
PO-25-00813,Metro FSE,Induction Range,1,7913.14,2025-10-06,2025-11-01,2025-11-01,NJ-Paramus
PO-25-00814,KEYSTONE KITCHEN SUPPLY,Walk-in Cooler,4,"$25,249.66",10/06/2025,12/15/2025,2025-12-17,PA-King of Prussia
PO-25-00815,Allied Commercial,Dish Machine,2,"11,803 USD",2025-10-07,Nov 09 2025,2025-11-08,NJ-Union
PO-25-00816,Keystone Kitchen Supply,Exhaust Hood,3,"10,902 USD",2025-10-08,2025-11-21,2025-11-21,NJ-Union
PO-25-00817,Allied Commercial Inc.,Stainless Prep Table,2,"1,143 USD",2025-10-08,2025-10-20,11/01/2025,NJ-Union
PO-25-00818,KEYSTONE KITCHEN SUPPLY,Reach-in Refrigerator,1,"5,318 USD",2025-10-10,2025-10-31,2025-11-01,NY-Westchester
PO-25-00819,Northline Foodservice Inc.,Stainless Prep Table,17,1031.86,2025-10-10,2025-10-18,2025-10-19,MA-Burlington
PO-25-00820,NORTHLINE FOODSERVICE,Dish Machine,21,"10,719 USD",2025-10-10,2025-11-14,11/11/2025,PA-King of Prussia
PO-25-00821,Metro FSE LLC,Exhaust Hood,4,10536.55,2025-10-12,2025-12-15,Dec 14 2025,MA-Burlington
PO-25-00822,Harbor Rest. Equip.,FRYER,4,"4,749 USD",10/12/2025,2025-11-01,2025-11-01,NY-Manhattan
PO-25-00823,Harbor Rest. Equip.,Stainless Prep Table,14,"1,105 USD",2025-10-13,2025-10-25,2025-10-24,PA-King of Prussia
PO-25-00824,Summit Equipment Co,Combi Oven,4,"$22,217.19",Oct 14 2025,Nov 30 2025,2025-11-29,PA-King of Prussia
PO-25-00825,Northline Foodservice,FRYER,6,4030.38,2025-10-16,2025-11-06,11/06/2025,NY-Westchester
PO-25-00826,Allied Commercial,Combi Oven,5,"$17,459.58",10/16/2025,11/22/2025,11/28/2025,NY-Manhattan
PO-25-00827,Allied Commercial ,Ice Machine,1,"$3,764.24",2025-10-17,2025-10-31,2025-10-29,MA-Burlington
PO-25-00828,Summit Equipment Co,Walk-in Cooler,2,"29,834 USD",10/17/2025,2025-12-21,Dec 19 2025,NJ-Union
PO-25-00829,HARBOR RESTAURANT EQUIPMENT,Induction Range,5,7694.25,2025-10-18,2025-11-07,11/07/2025,NJ-Paramus
PO-25-00830,Allied Commercial ,Induction Range,2,7005.91,Oct 19 2025,11/15/2025,2025-11-28,MA-Burlington
PO-25-00831,ALLIED COMMERCIAL,Ice Machine,21,3326.40,Oct 19 2025,2025-11-01,10/29/2025,PA-King of Prussia
PO-25-00832,Northline  Foodservice ,Combi Oven,6,"19,560 USD",Oct 20 2025,11/28/2025,11/25/2025,NJ-Union
PO-25-00833,ALLIED COMMERCIAL,Walk-in Cooler,6,"22,483 USD",10/21/2025,2025-12-17,2025-12-17,NY-Manhattan
PO-25-00834,Northline Foodservice,Fryer,4,"4,552 USD",10/23/2025,2025-11-16,2025-11-15,NY-Manhattan
PO-25-00835,Summit Equipment Co,Stainless Prep Table,1,"$1,335.94",Oct 24 2025,11/02/2025,2025-11-01,NJ-Union
PO-25-00836,SUMMIT EQUIPMENT CO,Walk-in Cooler,1,30399.87,10/24/2025,Dec 28 2025,2025-12-25,NY-Manhattan
PO-25-00837,Northline Foodservice,Dish Machine,9,11145.19,10/25/2025,2025-12-07,Dec 07 2025,NJ-Paramus
PO-25-00838,Northline  Foodservice ,Fryer,4,4270.24,2025-10-25,2025-11-06,2025-11-06,PA-King of Prussia
PO-25-00839,Allied Commercial Inc.,Ice Machine,0,"$3,766.21",2025-10-25,2025-11-08,2025-11-07,NJ-Paramus
PO-25-00840,Northline Foodservice Inc.,Exhaust Hood,1,"$11,526.87",Oct 26 2025,2025-12-26,2026-01-03,NJ-Union
PO-25-00841,Harbor Restaurant Equipment,Electrical Panel,3,"7,393 USD",10/26/2025,12/11/2025,2025-12-09,MA-Burlington
PO-25-00842,Allied Commercial Inc.,ELECTRICAL PANEL,2,"7,108 USD",10/27/2025,Dec 31 2025,2026-01-07,NY-Manhattan
PO-25-00843,Keystone Kitchen Supply,Dish Machine,17,10360.53,2025-10-27,12/08/2025,2025-12-07,NJ-Union
PO-25-00844,Keystone Kitchen Supply,Reach-in Refrigerator,5,4981.79,2025-10-27,2025-11-19,Nov 19 2025,NJ-Union
PO-25-00845,Allied Commercial,COMBI OVEN,3,"18,712 USD",2025-10-28,12/11/2025,12/11/2025,NY-Westchester
PO-25-00846,Keystone Kitchen Supply,STAINLESS PREP TABLE,5,1085.18,2025-10-29,Nov 10 2025,11/10/2025,PA-King of Prussia
PO-25-00847,KEYSTONE KITCHEN SUPPLY,Reach-in Refrigerator,1,"5,422 USD",2025-10-29,2025-11-18,2025-11-16,MA-Burlington
PO-25-00848,Harbor Restaurant Equipment,DISH MACHINE,9,12359.95,2025-10-29,12/06/2025,Dec 04 2025,NJ-Union
PO-24-00245,Northline Foodservice Inc.,Induction Range,3,7604.82,Jul 01 2024,Aug 01 2024,07/29/2024,NY-Manhattan
PO-25-00849,Allied Commercial,INDUCTION RANGE,7,6550.60,10/30/2025,Dec 02 2025,01/10/2026,NJ-Union
PO-25-00850,NORTHLINE FOODSERVICE,Stainless Prep Table,8,1048.11,2025-10-30,Nov 11 2025,2025-11-09,NY-Westchester
PO-25-00851,Metro FSE,EXHAUST HOOD,3,11273.46,Oct 30 2025,2025-12-31,2025-12-30,PA-King of Prussia
PO-25-00852,Northline Foodservice Inc.,Combi Oven,2,"$19,628.23",2025-10-31,2025-11-29,2025-11-27,NY-Westchester
PO-25-00853,Keystone Kitchen Supply LLC,Electrical Panel,13,"$6,030.80",10/31/2025,12/14/2025,2025-12-22,NY-Westchester
PO-25-00854,Summit Equipment Co,EXHAUST HOOD,1,"$12,633.20",Oct 31 2025,12/10/2025,2025-12-08,PA-King of Prussia
PO-25-00855,Summit Equipment Co,Walk-in Cooler,5,26503.69,2025-11-01,,Dec 17 2025,MA-Burlington
PO-25-00856,Summit Equipment Co,Fryer,1,"$4,818.55",Nov 02 2025,11/25/2025,Nov 25 2025,NJ-Union
PO-25-00857,Harbor Rest. Equip.,Combi Oven,1,21092.02,11/02/2025,12/18/2025,2025-12-15,NY-Westchester
PO-25-00858,Summit Equipment Co,Walk-in Cooler,6,25794.83,2025-11-03,2026-01-14,01/14/2026,NY-Westchester
PO-25-00859,Harbor Restaurant Equipment,Dish Machine,2,"$12,589.11",11/03/2025,2025-12-08,2025-12-05,NY-Westchester
PO-25-00860,Keystone Kitchen Supply,Combi Oven,2,"20,440 USD",Nov 04 2025,2025-12-03,11/30/2025,NY-Manhattan
PO-25-00861,Northline Foodservice,Fryer,2,"4,603 USD",11/05/2025,2025-12-02,2025-12-01,NJ-Union
PO-25-00862,Summit Equipment Co.,Reach-in Refrigerator,2,"5,662 USD",11/06/2025,2025-11-23,11/20/2025,MA-Burlington
PO-25-00863,HARBOR RESTAURANT EQUIPMENT,Reach-in Refrigerator,4,"$5,411.25",11/07/2025,11/22/2025,2025-11-20,NY-Westchester
PO-25-00864,SUMMIT EQUIPMENT CO,Reach-in Refrigerator,20,"$5,041.41",11/07/2025,11/29/2025,Nov 27 2025,MA-Burlington
PO-25-00865,SUMMIT EQUIPMENT CO,Combi Oven,6,20639.87,11/09/2025,Dec 21 2025,12/19/2025,MA-Burlington
PO-25-00866,Northline  Foodservice ,Exhaust Hood,2,"$11,089.77",2025-11-11,2026-01-03,01/02/2026,PA-King of Prussia
PO-25-00867,ALLIED COMMERCIAL,Reach-in Refrigerator,1,"$4,816.68",2025-11-12,2025-12-04,Dec 15 2025,NJ-Union
PO-25-00868,NORTHLINE FOODSERVICE,Exhaust Hood,1,"$10,904.02",2025-11-13,01/14/2026,01/11/2026,NJ-Paramus
PO-25-00869,HARBOR RESTAURANT EQUIPMENT,Electrical Panel,11,"$7,111.34",Nov 14 2025,01/05/2026,01/04/2026,NJ-Paramus
PO-25-00870,Metro FSE LLC,Stainless Prep Table,1,"$1,128.17",2025-11-14,Nov 23 2025,11/22/2025,PA-King of Prussia
PO-25-00871,KEYSTONE KITCHEN SUPPLY,Induction Range,15,6250.66,Nov 14 2025,2025-12-07,2025-12-04,NJ-Paramus
PO-25-00872,ALLIED COMMERCIAL,ICE MACHINE,9,"$3,320.02",2025-11-16,2025-11-28,2025-11-26,NJ-Paramus
PO-25-00873,HARBOR RESTAURANT EQUIPMENT,Fryer,4,4427.28,Nov 16 2025,2025-12-10,2025-12-10,PA-King of Prussia
PO-25-00874,Metro FSE LLC,Induction Range,15,"$6,859.80",2025-11-17,12/10/2025,2025-12-07,NY-Westchester
PO-25-00875,Allied Commercial,Dish Machine,17,9706.90,2025-11-18,12/18/2025,2025-12-16,NJ-Union
PO-25-00876,Keystone Kitchen Supply,Combi Oven,4,19033.70,2025-11-19,2026-01-03,01/02/2026,NJ-Union
PO-25-00877,KEYSTONE KITCHEN SUPPLY,Stainless Prep Table,3,"$1,090.59",2025-11-19,Nov 29 2025,2025-11-26,NJ-Union
PO-25-00878,Allied Commercial ,Fryer,5,"3,865 USD",11/20/2025,2025-12-10,12/24/2025,NY-Manhattan
PO-25-00879,Keystone Kitchen Sup.,Walk-in Cooler,3,25742.68,11/21/2025,2026-01-13,Jan 10 2026,MA-Burlington
PO-25-00880,Allied Commercial ,Walk-in Cooler,3,24159.41,2025-11-21,2026-01-16,01/15/2026,NJ-Paramus
PO-25-00881,Allied Commercial ,Walk-in Cooler,1,"26,059 USD",2025-11-22,2026-01-09,Jan 08 2026,MA-Burlington
PO-25-00882,METRO FSE,Reach-in Refrigerator,3,"$5,217.72",2025-11-23,12/13/2025,2025-12-11,NJ-Paramus
PO-25-00883,Metro FSE,Electrical Panel,3,6963.01,2025-11-24,Feb 04 2026,02/02/2026,NJ-Paramus
PO-25-00884,Summit Equipment Co.,Electrical Panel,2,"8,089 USD",2025-11-24,Jan 30 2026,2026-01-27,NJ-Union
PO-25-00885,Allied Commercial ,Dish Machine,21,"$9,601.89",2025-11-25,Dec 25 2025,Dec 22 2025,NY-Manhattan
PO-25-00886,NORTHLINE FOODSERVICE,Stainless Prep Table,1,"$1,181.55",2025-11-27,Dec 07 2025,2025-12-13,NY-Manhattan
PO-25-00887,ALLIED COMMERCIAL,FRYER,3,"$4,218.08",2025-11-27,Dec 18 2025,2025-12-18,PA-King of Prussia
PO-25-00888,METRO FSE,Induction Range,17,6537.12,2025-11-28,2026-01-02,01/10/2026,NY-Manhattan
PO-25-00889,Keystone Kitchen Supply LLC,Electrical Panel,4,"6,998 USD",2025-11-29,2026-01-09,01/07/2026,NY-Manhattan
PO-25-00890,Allied Commercial Inc.,Walk-in Cooler,6,22296.56,Nov 30 2025,2026-01-25,2026-01-23,PA-King of Prussia
PO-25-00891,Allied Commercial,Fryer,2,"$4,224.20",2025-12-01,Dec 22 2025,12/27/2025,MA-Burlington
PO-25-00892,Keystone Kitchen Supply LLC,Reach-in Refrigerator,7,"$4,842.66",2025-12-01,2025-12-12,2025-12-09,PA-King of Prussia
PO-25-00893,Northline Foodservice Inc.,Electrical Panel,8,"6,965 USD",2025-12-02,2026-01-31,2026-01-29,NY-Manhattan
PO-25-00894,Metro FSE LLC,Electrical Panel,12,"$6,474.78",Dec 02 2025,01/09/2026,2026-01-07,NY-Manhattan
PO-25-00895,HARBOR RESTAURANT EQUIPMENT,Ice Machine,3,"4,107 USD",Dec 03 2025,2025-12-18,2025-12-16,NJ-Paramus
PO-25-00896,Summit Equipment Co.,Ice Machine,1,4557.62,2025-12-05,Dec 18 2025,Dec 16 2025,NY-Manhattan
PO-25-00897,Summit Equipment Co,Reach-in Refrigerator,4,"$5,773.14",Dec 06 2025,2025-12-21,2025-12-21,NY-Westchester
PO-25-00898,SUMMIT EQUIPMENT CO,Exhaust Hood,2,"12,621 USD",2025-12-06,Feb 03 2026,02/03/2026,NJ-Paramus
PO-25-00899,Summit Equipment Co.,Dish Machine,2,"14,097 USD",2025-12-06,12/31/2025,12/30/2025,PA-King of Prussia
PO-25-00900,Keystone Kitchen Supply,Fryer,9,"4,152 USD",Dec 08 2025,12/28/2025,2026-01-14,PA-King of Prussia
PO-25-00901,METRO FSE,Dish Machine,2,"$12,829.05",2025-12-08,2026-01-17,2026-01-16,MA-Burlington
PO-25-00902,Summit Equipment Co,Exhaust Hood,6,"$113,210.10",Dec 09 2025,02/09/2026,2026-02-09,MA-Burlington
PO-25-00903,Metro FSE,Dish Machine,7,"$11,648.38",2025-12-10,01/16/2026,2026-01-15,NJ-Union
PO-25-00904,Harbor Restaurant Equipment,Fryer,3,4542.09,2025-12-11,2026-01-01,Dec 30 2025,NY-Westchester
PO-25-00905,Summit Equipment Co,Induction Range,1,"$8,569.30",12/11/2025,Jan 09 2026,01/06/2026,NY-Manhattan
PO-25-00906,Metro FSE LLC,Fryer,2,4711.75,2025-12-11,2025-12-31,2025-12-29,NY-Westchester
PO-24-00340,ALLIED COMMERCIAL,Ice Machine,1,"3,552 USD",2024-09-11,09/21/2024,09/23/2024,MA-Burlington
PO-25-00907,NORTHLINE FOODSERVICE,Combi Oven,3,"19,665 USD",12/12/2025,01/29/2026,2026-01-28,NJ-Union
PO-25-00908,KEYSTONE KITCHEN SUPPLY,Reach-in Refrigerator,1,"5,098 USD",Dec 13 2025,2025-12-29,2025-12-28,MA-Burlington
PO-25-00909,NORTHLINE FOODSERVICE,Dish Machine,16,"11,217 USD",12/13/2025,01/20/2026,2026-01-19,PA-King of Prussia
PO-25-00910,Keystone Kitchen Supply LLC,Electrical Panel,4,7028.15,Dec 13 2025,2026-02-05,2026-02-04,PA-King of Prussia
PO-25-00911,Harbor Rest. Equip.,Induction Range,13,"$6,945.67",Dec 13 2025,2026-01-05,01/05/2026,NJ-Paramus
PO-25-00912,SUMMIT EQUIPMENT CO,Reach-in Refrigerator,5,"$5,583.58",2025-12-14,2026-01-06,2026-01-06,NJ-Paramus
PO-25-00913,SUMMIT EQUIPMENT CO,Walk-in Cooler,2,"$29,766.91",Dec 14 2025,Feb 13 2026,02/12/2026,PA-King of Prussia
PO-25-00914,KEYSTONE KITCHEN SUPPLY,Stainless Prep Table,3,1077.39,12/15/2025,12/25/2025,12/22/2025,PA-King of Prussia
PO-25-00915,SUMMIT EQUIPMENT CO,Ice Machine,13,"$3,676.72",2025-12-16,Jan 01 2026,2026-01-01,NJ-Paramus
PO-25-00916,KEYSTONE KITCHEN SUPPLY,Exhaust Hood,3,10204.12,2025-12-16,2026-02-13,2026-02-12,NY-Westchester
PO-25-00917,HARBOR RESTAURANT EQUIPMENT,Reach-in Refrigerator,1,5889.81,12/17/2025,Jan 05 2026,2026-01-03,NJ-Union
PO-25-00918,Northline Foodservice Inc.,Electrical Panel,1,"7,435 USD",Dec 17 2025,02/09/2026,Feb 06 2026,PA-King of Prussia
PO-25-00919,KEYSTONE KITCHEN SUPPLY,Exhaust Hood,4,10752.32,2025-12-19,2026-02-08,2026-02-06,NY-Westchester
PO-25-00920,Northline  Foodservice ,Stainless Prep Table,22,"$1,075.29",2025-12-19,Dec 31 2025,Dec 31 2025,NY-Westchester
PO-25-00921,Harbor Restaurant Equipment,Reach-in Refrigerator,3,"$5,825.14",2025-12-20,2026-01-04,2026-01-01,NJ-Union
PO-25-00922,Northline Foodservice Inc.,Dish Machine,11,"10,532 USD",2025-12-21,01/18/2026,01/17/2026,NY-Manhattan
PO-25-00923,Northline Foodservice,Fryer,7,"$4,377.62",12/22/2025,2026-01-17,Jan 17 2026,PA-King of Prussia
PO-25-00924,SUMMIT EQUIPMENT CO,WALK-IN COOLER,4,"28,236 USD",2025-12-22,Feb 08 2026,2026-02-06,NJ-Paramus
PO-25-00925,Metro FSE LLC,Ice Machine,2,4020.38,2025-12-22,2025-12-31,Jan 10 2026,PA-King of Prussia
PO-25-00926,ALLIED COMMERCIAL,ICE MACHINE,2,"3,618 USD",2025-12-23,2026-01-07,2026-01-17,MA-Burlington
PO-25-00927,Keystone Kitchen Supply,Stainless Prep Table,22,"$1,009.79",12/23/2025,01/03/2026,2026-01-01,NJ-Union
PO-25-00928,Metro FSE LLC,Induction Range,2,7582.04,2025-12-24,2026-01-23,2026-01-21,NY-Westchester
PO-25-00929,Harbor Restaurant Equipment,Electrical Panel,1,"$7,753.32",2025-12-25,2026-02-11,2026-02-10,NJ-Paramus
PO-25-00930,Allied Commercial ,Reach-in Refrigerator,23,"$4,347.16",2025-12-27,01/14/2026,Jan 11 2026,NJ-Paramus
PO-25-00931,Metro FSE LLC,Exhaust Hood,1,"$11,395.07",2025-12-28,Feb 27 2026,02/25/2026,NY-Westchester
PO-25-00932,Allied Commercial Inc.,Induction Range,11,"$6,197.73",2025-12-29,01/23/2026,2026-01-31,NY-Westchester
PO-25-00933,Harbor Rest. Equip.,Electrical Panel,1,8191.59,2025-12-29,,2026-02-21,NY-Manhattan
PO-25-00934,ALLIED COMMERCIAL,Ice Machine,5,"$3,507.77",12/29/2025,2026-01-13,01/18/2026,NJ-Paramus
PO-26-00959,NORTHLINE FOODSERVICE,Induction Range,18,"7,069 USD",2026-01-19,2026-02-20,2026-02-17,NY-Westchester
PO-25-00935,Allied Commercial ,Electrical Panel,4,"$6,583.33",2025-12-30,02/05/2026,2026-02-03,NJ-Union
PO-25-00936,METRO FSE,FRYER,13,"$4,070.64",2025-12-31,01/24/2026,Jan 21 2026,MA-Burlington
PO-26-00937,Allied Commercial ,Ice Machine,1,3777.37,01/02/2026,2026-01-21,01/19/2026,NJ-Paramus
PO-26-00938,KEYSTONE KITCHEN SUPPLY,Induction Range,1,"$7,139.82",2026-01-02,2026-02-04,02/01/2026,PA-King of Prussia
PO-26-00939,Keystone Kitchen Sup.,Combi Oven,6,"$17,856.56",Jan 02 2026,Feb 08 2026,02/05/2026,MA-Burlington
PO-26-00940,Keystone Kitchen Supply LLC,Stainless Prep Table,3,"$1,146.92",2026-01-07,01/16/2026,Feb 04 2026,NJ-Union
PO-26-00941,Northline Foodservice Inc.,Induction Range,3,"$8,116.08",Jan 08 2026,2026-01-30,Jan 29 2026,NY-Westchester
PO-26-00942,Metro FSE LLC,Combi Oven,2,"20,653 USD",2026-01-08,2026-03-02,02/27/2026,NY-Manhattan
PO-26-00943,METRO FSE,Reach-in Refrigerator,18,4950.98,01/09/2026,2026-01-29,2026-01-28,NY-Manhattan
PO-26-00944,Northline Foodservice Inc.,Combi Oven,2,20014.94,2026-01-09,Feb 23 2026,02/21/2026,MA-Burlington
PO-26-00945,Metro FSE LLC,Stainless Prep Table,5,"$1,126.62",Jan 11 2026,01/20/2026,2026-01-18,NY-Manhattan
PO-26-00946,Metro FSE,Fryer,7,3957.31,2026-01-11,01/25/2026,2026-01-22,NJ-Paramus
PO-26-00947,Northline  Foodservice ,Reach-in Refrigerator,23,4933.53,2026-01-11,2026-02-02,2026-01-30,PA-King of Prussia
PO-26-00948,Allied Commercial ,Dish Machine,5,"$10,456.00",2026-01-11,2026-02-04,Feb 04 2026,NJ-Union
PO-26-00949,Keystone Kitchen Supply LLC,Electrical Panel,5,"$6,749.79",2026-01-11,2026-03-05,03/05/2026,NJ-Union
PO-26-00950,Harbor Rest. Equip.,Induction Range,22,7217.40,Jan 12 2026,2026-02-08,Feb 05 2026,NJ-Paramus
PO-26-00951,ALLIED COMMERCIAL,Walk-in Cooler,2,"$24,659.20",2026-01-13,2026-03-22,2026-03-19,NY-Manhattan
PO-26-00952,NORTHLINE FOODSERVICE,Stainless Prep Table,6,"$1,087.89",Jan 13 2026,2026-01-26,Jan 26 2026,NJ-Union
PO-26-00953,KEYSTONE KITCHEN SUPPLY,EXHAUST HOOD,1,"$10,624.36",2026-01-14,2026-03-02,2026-03-01,MA-Burlington
PO-26-00954,Metro FSE LLC,Stainless Prep Table,4,1131.18,Jan 14 2026,Jan 25 2026,Jan 22 2026,NJ-Union
PO-26-00955,Northline Foodservice,Ice Machine,3,"4,078 USD",01/14/2026,Feb 01 2026,2026-02-01,NJ-Paramus
PO-26-00956,Metro FSE LLC,Combi Oven,1,"20,546 USD",01/14/2026,Mar 01 2026,2026-02-27,PA-King of Prussia
PO-26-00957,METRO FSE,Induction Range,2,"$7,504.97",2026-01-17,02/12/2026,2026-02-16,NY-Manhattan
PO-26-00958,Keystone Kitchen Supply,Reach-in Refrigerator,1,5267.90,2026-01-18,02/11/2026,02/13/2026,MA-Burlington
PO-26-00959,NORTHLINE FOODSERVICE,Induction Range,18,"7,069 USD",2026-01-19,2026-02-20,2026-02-17,NY-Westchester
PO-26-00960,Keystone Kitchen Supply,Stainless Prep Table,1,"$1,172.09",2026-01-19,2026-01-29,01/29/2026,MA-Burlington
PO-26-00961,Northline  Foodservice ,Walk-in Cooler,4,"26,642 USD",2026-01-20,03/18/2026,2026-03-18,PA-King of Prussia
PO-26-00962,SUMMIT EQUIPMENT CO,Combi Oven,6,"$20,262.70",2026-01-20,Feb 28 2026,Feb 27 2026,NJ-Union
PO-26-00963,Summit Equipment Co.,Ice Machine,1,"4,444 USD",2026-01-22,Jan 31 2026,01/30/2026,NY-Westchester
PO-26-00964,Summit Equipment Co,Dish Machine,4,"$12,912.17",01/22/2026,Mar 02 2026,03/03/2026,NJ-Union
PO-26-00965,Northline Foodservice,Electrical Panel,5,"$6,737.11",2026-01-23,2026-02-21,Feb 21 2026,NY-Westchester
PO-26-00966,Metro FSE LLC,Combi Oven,4,20388.74,01/24/2026,Mar 11 2026,2026-03-08,MA-Burlington
PO-26-00967,Northline  Foodservice ,Stainless Prep Table,4,"$1,231.32",01/26/2026,Feb 07 2026,2026-02-05,NY-Westchester
PO-26-00968,SUMMIT EQUIPMENT CO,Electrical Panel,9,"7,515 USD",01/26/2026,2026-03-26,03/25/2026,NY-Manhattan
PO-26-00969,Northline Foodservice,Electrical Panel,1,"$7,481.77",01/28/2026,2026-03-22,03/19/2026,NY-Manhattan
PO-26-00970,Keystone Kitchen Supply LLC,Induction Range,23,"$6,474.86",2026-01-28,03/06/2026,Mar 03 2026,MA-Burlington
PO-26-00971,Metro FSE,Induction Range,9,"6,859 USD",2026-01-29,2026-02-27,2026-02-26,NY-Westchester
PO-26-00972,Keystone Kitchen Sup.,Reach-in Refrigerator,8,"$4,992.99",Jan 31 2026,Feb 16 2026,Mar 02 2026,MA-Burlington
PO-26-00973,Keystone Kitchen Sup.,Dish Machine,9,11636.08,2026-02-01,Mar 08 2026,03/08/2026,PA-King of Prussia
PO-26-00974,HARBOR RESTAURANT EQUIPMENT,Reach-in Refrigerator,17,5234.34,2026-02-01,2026-02-21,Feb 21 2026,NJ-Paramus
PO-26-00975,Harbor Rest. Equip.,Induction Range,13,7243.64,2026-02-02,2026-02-26,2026-02-25,NY-Westchester
PO-26-00976,ALLIED COMMERCIAL,Walk-in Cooler,4,"25,607 USD",02/02/2026,2026-03-25,2026-03-24,NJ-Paramus
PO-26-00977,Metro FSE LLC,ICE MACHINE,1,"$4,024.31",2026-02-03,Feb 16 2026,2026-03-12,MA-Burlington
PO-26-00978,Allied Commercial ,Walk-in Cooler,4,"$24,267.08",2026-02-03,Apr 02 2026,03/31/2026,NY-Manhattan
PO-26-00979,Allied Commercial ,Induction Range,1,"$7,360.64",2026-02-03,2026-03-07,2026-03-16,PA-King of Prussia
PO-26-00980,Metro FSE LLC,Exhaust Hood,3,11068.41,Feb 05 2026,2026-04-06,2026-04-04,PA-King of Prussia
PO-24-00020,ALLIED COMMERCIAL,Reach-in Refrigerator,3,"$4,798.39",2024-01-13,2024-02-02,2024-02-01,NY-Westchester
PO-26-00981,ALLIED COMMERCIAL,Stainless Prep Table,9,$995.32,Feb 05 2026,2026-02-18,2026-02-17,NJ-Union
PO-26-00982,Keystone Kitchen Sup.,Exhaust Hood,5,"10,547 USD",02/06/2026,Apr 11 2026,2026-04-09,PA-King of Prussia
PO-26-00983,Harbor Rest. Equip.,Stainless Prep Table,11,"1,114 USD",2026-02-06,02/17/2026,2026-02-14,NJ-Union
PO-26-00984,Metro FSE LLC,Induction Range,8,7098.33,02/07/2026,2026-03-19,Mar 17 2026,NY-Manhattan
PO-26-00985,Keystone Kitchen Supply LLC,Combi Oven,5,"$17,968.12",2026-02-07,03/21/2026,04/03/2026,NY-Manhattan
PO-25-00698,Northline  Foodservice ,Ice Machine,4,"4,055 USD",Jul 20 2025,2025-08-03,Aug 03 2025,NY-Manhattan
PO-26-00986,Allied Commercial Inc.,Electrical Panel,13,"$6,035.83",02/08/2026,2026-03-19,03/19/2026,NJ-Union
PO-26-00987,Metro FSE,Stainless Prep Table,3,"1,118 USD",Feb 09 2026,Feb 17 2026,02/16/2026,MA-Burlington
PO-26-00988,METRO FSE,Ice Machine,2,"3,961 USD",2026-02-15,2026-02-28,2026-02-27,MA-Burlington
PO-26-00989,Northline  Foodservice ,Electrical Panel,22,"$6,888.68",2026-02-15,04/01/2026,2026-03-29,NJ-Union
PO-26-00990,SUMMIT EQUIPMENT CO,Combi Oven,1,"21,910 USD",2026-02-16,04/10/2026,04/07/2026,NJ-Paramus
PO-26-00991,Allied Commercial ,Stainless Prep Table,14,$943.91,2026-02-16,2026-02-26,2026-03-14,NJ-Union
PO-26-00992,Harbor Rest. Equip.,Walk-in Cooler,2,"$28,163.78",2026-02-18,2026-04-16,04/14/2026,NJ-Union
PO-26-00993,Summit Equipment Co.,Electrical Panel,14,"$7,239.45",2026-02-20,2026-04-09,2026-04-08,NY-Manhattan
PO-26-00994,METRO FSE,Reach-in Refrigerator,22,"$4,906.44",Feb 23 2026,03/09/2026,Mar 09 2026,PA-King of Prussia
PO-26-00995,Harbor Restaurant Equipment,Exhaust Hood,3,11975.27,2026-02-25,Apr 20 2026,2026-04-19,NY-Manhattan
PO-26-00996,Keystone Kitchen Supply,Ice Machine,3,"$3,798.66",2026-02-25,2026-03-14,2026-03-11,NJ-Union
PO-26-00997,ALLIED COMMERCIAL,Reach-in Refrigerator,4,"$5,229.61",2026-02-26,03/18/2026,2026-03-16,NJ-Union
PO-26-00998,Allied Commercial,COMBI OVEN,2,"$19,740.96",2026-02-26,2026-04-15,04/14/2026,NY-Manhattan
PO-24-00247,ALLIED COMMERCIAL,Fryer,1,"$3,867.57",2024-07-03,Jul 23 2024,Jul 20 2024,NJ-Paramus
PO-26-00999,Northline Foodservice Inc.,Electrical Panel,4,7565.78,2026-02-26,04/11/2026,2026-04-11,PA-King of Prussia
PO-26-01000,SUMMIT EQUIPMENT CO,Exhaust Hood,6,"$11,864.63",2026-02-27,2026-04-17,Apr 17 2026,NY-Manhattan
PO-26-01001,Harbor Restaurant Equipment,Electrical Panel,23,"7,135 USD",Feb 27 2026,Apr 04 2026,2026-04-01,PA-King of Prussia
PO-26-01002,HARBOR RESTAURANT EQUIPMENT,Reach-in Refrigerator,22,"$5,263.93",02/27/2026,Mar 23 2026,2026-03-23,PA-King of Prussia
PO-24-00116,Harbor Rest. Equip.,Dish Machine,2,"11,992 USD",2024-04-05,2024-04-28,2024-04-25,PA-King of Prussia
PO-26-01003,METRO FSE,Reach-in Refrigerator,3,5159.92,2026-03-01,2026-03-19,03/18/2026,NY-Manhattan
PO-26-01004,KEYSTONE KITCHEN SUPPLY,Induction Range,2,7695.67,03/02/2026,Apr 05 2026,2026-04-04,MA-Burlington
PO-26-01005,KEYSTONE KITCHEN SUPPLY,Ice Machine,1,"4,131 USD",2026-03-03,03/10/2026,03/10/2026,NY-Manhattan
PO-26-01006,Northline  Foodservice ,Ice Machine,15,"$3,722.34",2026-03-03,2026-03-19,03/19/2026,MA-Burlington
PO-26-01007,Harbor Restaurant Equipment,Electrical Panel,5,7606.37,Mar 04 2026,2026-04-12,2026-04-11,PA-King of Prussia
PO-26-01008,HARBOR RESTAURANT EQUIPMENT,Exhaust Hood,2,12517.05,2026-03-04,2026-04-12,Apr 12 2026,PA-King of Prussia
PO-26-01009,Metro FSE LLC,Stainless Prep Table,3,"$1,179.41",03/05/2026,03/16/2026,03/16/2026,NJ-Union
PO-26-01010,Northline  Foodservice ,Exhaust Hood,5,"10,215 USD",03/07/2026,2026-05-25,May 23 2026,PA-King of Prussia
PO-26-01011,NORTHLINE FOODSERVICE,Walk-in Cooler,1,26500.14,Mar 08 2026,2026-05-05,05/09/2026,NY-Westchester
PO-26-01012,Allied Commercial ,Induction Range,3,68702.80,2026-03-08,2026-03-31,2026-03-30,NY-Manhattan
PO-26-01013,Keystone Kitchen Sup.,Walk-in Cooler,3,26363.81,2026-03-09,05/02/2026,2026-04-29,NY-Westchester
PO-26-01014,Harbor Restaurant Equipment,Combi Oven,2,22545.14,03/09/2026,2026-04-07,04/06/2026,MA-Burlington
PO-26-01015,HARBOR RESTAURANT EQUIPMENT,Fryer,16,"4,094 USD",03/10/2026,2026-03-26,2026-03-27,NJ-Paramus
PO-26-01016,Summit Equipment Co,Ice Machine,2,"4,482 USD",2026-03-13,Mar 26 2026,2026-03-24,NJ-Paramus
PO-26-01017,Allied Commercial ,Induction Range,1,"$7,419.23",2026-03-14,04/08/2026,04/09/2026,MA-Burlington
PO-26-01018,Allied Commercial ,Fryer,1,"$4,329.04",Mar 14 2026,2026-04-09,2026-04-06,NJ-Paramus
PO-26-01019,Harbor Rest. Equip.,Exhaust Hood,2,"12,223 USD",03/15/2026,May 08 2026,2026-05-08,MA-Burlington
PO-26-01020,Keystone Kitchen Supply,Dish Machine,22,"106,521 USD",2026-03-16,2026-04-22,2026-04-21,NY-Westchester
PO-26-01021,Metro FSE LLC,Stainless Prep Table,8,1051.75,2026-03-16,Mar 25 2026,03/25/2026,NJ-Union
PO-26-01022,Harbor Rest. Equip.,Electrical Panel,14,"$7,193.54",03/17/2026,2026-05-11,2026-05-10,PA-King of Prussia
PO-26-01023,Keystone Kitchen Supply LLC,Induction Range,23,6841.54,Mar 17 2026,04/23/2026,2026-04-24,NY-Westchester
PO-26-01024,Harbor Rest. Equip.,Fryer,14,"$4,125.56",Mar 17 2026,04/07/2026,Apr 05 2026,MA-Burlington
PO-26-01025,SUMMIT EQUIPMENT CO,Stainless Prep Table,6,1142.79,03/18/2026,2026-03-31,2026-03-29,NJ-Paramus
PO-26-01026,METRO FSE,Stainless Prep Table,4,"$1,168.65",2026-03-19,03/28/2026,2026-04-03,NY-Westchester
PO-26-01027,Northline Foodservice Inc.,Ice Machine,1,"4,145 USD",03/20/2026,2026-04-01,03/30/2026,NJ-Union
PO-26-01028,Northline  Foodservice ,Induction Range,1,"8,293 USD",2026-03-20,2026-04-22,04/19/2026,NY-Westchester
PO-26-01029,Keystone Kitchen Supply,Exhaust Hood,2,10583.52,2026-03-21,05/27/2026,2026-05-25,MA-Burlington
PO-26-01030,Summit Equipment Co,Induction Range,2,"$82,619.10",03/21/2026,04/15/2026,2026-04-13,NY-Manhattan
PO-26-01031,Keystone Kitchen Supply LLC,Stainless Prep Table,1,1152.95,2026-03-21,04/03/2026,2026-04-02,NJ-Paramus
PO-26-01032,Metro FSE,Fryer,7,4320.17,2026-03-21,2026-04-08,2026-04-07,PA-King of Prussia
PO-26-01033,Allied Commercial Inc.,Exhaust Hood,6,"9,473 USD",2026-03-22,2026-05-01,05/08/2026,NJ-Union
PO-26-01034,Northline Foodservice,Exhaust Hood,2,11349.32,Mar 22 2026,05/17/2026,2026-05-16,NJ-Paramus
PO-26-01035,Harbor Restaurant Equipment,Stainless Prep Table,1,1306.54,03/23/2026,03/29/2026,2026-03-27,NJ-Paramus
PO-26-01036,METRO FSE,Electrical Panel,9,"$7,341.54",2026-03-25,2026-05-10,2026-05-07,PA-King of Prussia
PO-26-01037,Allied Commercial Inc.,Fryer,20,3625.49,Mar 25 2026,04/20/2026,2026-04-17,NJ-Paramus
PO-26-01038,Keystone Kitchen Supply,Dish Machine,8,"$10,963.05",2026-03-25,04/30/2026,2026-04-29,NJ-Union
PO-26-01039,Northline Foodservice Inc.,Ice Machine,2,4050.09,2026-03-26,04/09/2026,2026-04-08,PA-King of Prussia
PO-26-01040,SUMMIT EQUIPMENT CO,Combi Oven,1,"$21,770.11",03/27/2026,2026-05-21,05/19/2026,PA-King of Prussia
PO-26-01041,Harbor Rest. Equip.,Dish Machine,2,12988.40,03/27/2026,Apr 30 2026,2026-04-29,NJ-Union
PO-26-01042,Metro FSE,Reach-in Refrigerator,1,"5,526 USD",03/28/2026,2026-04-18,04/17/2026,NY-Manhattan
PO-26-01043,Metro FSE,EXHAUST HOOD,1,11746.80,2026-03-29,2026-06-03,2026-06-02,NY-Westchester
PO-26-01044,Allied Commercial Inc.,Dish Machine,18,"$10,305.36",Mar 30 2026,2026-05-08,05/13/2026,NJ-Paramus
PO-26-01045,Harbor Restaurant Equipment,Reach-in Refrigerator,7,"$5,101.43",2026-03-30,2026-04-12,04/10/2026,NJ-Paramus
PO-26-01046,NORTHLINE FOODSERVICE,Exhaust Hood,1,"11,774 USD",2026-03-31,2026-05-27,05/25/2026,NJ-Paramus
PO-26-01047,METRO FSE,Electrical Panel,5,6865.97,2026-03-31,04/28/2026,04/29/2026,NJ-Union
PO-26-01048,HARBOR RESTAURANT EQUIPMENT,COMBI OVEN,3,22432.17,2026-03-31,May 07 2026,May 05 2026,MA-Burlington
PO-26-01049,Metro FSE LLC,Walk-in Cooler,5,25499.61,2026-03-31,Jun 16 2026,2026-06-16,NJ-Union
PO-26-01050,Harbor Rest. Equip.,Walk-in Cooler,1,29644.72,04/01/2026,May 12 2026,05/12/2026,PA-King of Prussia
PO-26-01051,Keystone Kitchen Sup.,Walk-in Cooler,4,26263.37,Apr 01 2026,2026-06-12,06/21/2026,NY-Westchester
PO-26-01052,Northline Foodservice Inc.,Electrical Panel,22,6935.38,04/01/2026,2026-05-25,05/22/2026,NJ-Paramus
PO-26-01053,Keystone Kitchen Sup.,Electrical Panel,5,"6,527 USD",Apr 02 2026,2026-05-31,05/28/2026,NY-Westchester
PO-26-01054,HARBOR RESTAURANT EQUIPMENT,Ice Machine,3,"4,104 USD",Apr 04 2026,04/16/2026,Apr 15 2026,NJ-Paramus
PO-26-01055,METRO FSE,Combi Oven,2,"20,431 USD",2026-04-04,May 10 2026,05/08/2026,NY-Westchester
PO-26-01056,SUMMIT EQUIPMENT CO,Reach-in Refrigerator,7,"$5,562.89",2026-04-05,2026-04-25,2026-04-22,PA-King of Prussia
PO-26-01057,Northline Foodservice,Electrical Panel,2,7736.47,Apr 05 2026,May 26 2026,2026-05-23,NJ-Union
PO-26-01058,Harbor Restaurant Equipment,Ice Machine,7,"4,074 USD",Apr 06 2026,04/18/2026,Apr 18 2026,PA-King of Prussia
PO-26-01059,Allied Commercial,Electrical Panel,4,"$6,922.92",Apr 07 2026,05/27/2026,2026-05-24,NY-Manhattan
PO-26-01060,METRO FSE,Combi Oven,1,"$20,649.03",04/07/2026,2026-05-10,05/10/2026,NY-Manhattan
PO-26-01061,Metro FSE LLC,Exhaust Hood,1,"$11,306.91",2026-04-07,06/11/2026,2026-06-11,NJ-Union
PO-26-01062,Metro FSE,Ice Machine,24,"3,732 USD",2026-04-08,2026-04-22,2026-04-19,NY-Westchester
PO-26-01063,Metro FSE LLC,Fryer,1,4483.63,04/08/2026,04/29/2026,2026-04-29,NJ-Paramus
PO-26-01064,METRO FSE,Induction Range,3,"$8,077.61",2026-04-08,2026-05-05,05/04/2026,NJ-Paramus
PO-26-01065,HARBOR RESTAURANT EQUIPMENT,Dish Machine,2,13608.73,2026-04-09,05/05/2026,05/03/2026,NY-Westchester
PO-26-01066,Summit Equipment Co.,Electrical Panel,5,"7,617 USD",2026-04-10,2026-06-01,Jun 01 2026,NY-Westchester
PO-26-01067,Northline  Foodservice ,Reach-in Refrigerator,20,"$5,002.91",2026-04-11,2026-05-01,2026-04-29,MA-Burlington
PO-26-01068,HARBOR RESTAURANT EQUIPMENT,Stainless Prep Table,8,"$1,158.36",2026-04-12,2026-04-23,04/21/2026,PA-King of Prussia
PO-26-01069,Northline Foodservice,Induction Range,9,"7,582 USD",2026-04-13,2026-05-14,05/11/2026,NY-Manhattan
PO-26-01070,Keystone Kitchen Sup.,Reach-in Refrigerator,6,"$4,840.53",2026-04-15,2026-04-26,Apr 26 2026,NJ-Paramus
PO-26-01071,Summit Equipment Co.,Ice Machine,5,"$3,961.77",2026-04-17,04/29/2026,2026-04-26,NJ-Union
PO-26-01072,Keystone Kitchen Supply LLC,Combi Oven,1,"19,372 USD",2026-04-19,06/03/2026,2026-06-02,NY-Westchester
PO-26-01073,Metro FSE,REACH-IN REFRIGERATOR,1,5494.32,Apr 21 2026,2026-05-14,05/12/2026,NY-Manhattan
PO-26-01074,Northline Foodservice Inc.,Walk-in Cooler,3,28036.05,04/21/2026,06/27/2026,06/24/2026,MA-Burlington
PO-26-01075,Harbor Restaurant Equipment,Exhaust Hood,6,11120.25,04/21/2026,Jun 30 2026,Jun 30 2026,NY-Westchester
PO-26-01076,ALLIED COMMERCIAL,Exhaust Hood,6,"9,843 USD",04/23/2026,Jun 25 2026,06/25/2026,MA-Burlington
PO-26-01077,SUMMIT EQUIPMENT CO,Exhaust Hood,2,"11,984 USD",04/24/2026,2026-06-05,2026-06-03,PA-King of Prussia
PO-26-01078,METRO FSE,Fryer,3,4318.80,04/25/2026,2026-05-14,2026-05-14,PA-King of Prussia
PO-26-01079,Northline  Foodservice ,Exhaust Hood,1,"12,055 USD",2026-04-26,2026-06-05,06/08/2026,PA-King of Prussia
PO-26-01080,Summit Equipment Co.,Combi Oven,6,"$20,076.22",04/26/2026,06/08/2026,06/08/2026,NJ-Union
PO-26-01081,NORTHLINE FOODSERVICE,Induction Range,1,7710.90,2026-04-27,06/03/2026,06/01/2026,NJ-Paramus
PO-26-01082,Summit Equipment Co,Induction Range,1,8713.67,2026-04-28,05/29/2026,2026-05-27,NY-Westchester
PO-26-01083,Allied Commercial Inc.,Induction Range,7,"$6,799.48",04/30/2026,Jun 10 2026,Jul 29 2026,NJ-Paramus
PO-26-01084,Summit Equipment Co.,REACH-IN REFRIGERATOR,3,5977.48,2026-05-02,2026-05-18,05/16/2026,MA-Burlington
PO-26-01085,Keystone Kitchen Sup.,Dish Machine,1,"$12,820.44",2026-05-05,06/07/2026,Jun 06 2026,NJ-Union
PO-26-01086,Northline Foodservice,COMBI OVEN,4,20609.86,05/06/2026,06/16/2026,06/14/2026,PA-King of Prussia
PO-26-01087,Northline  Foodservice ,WALK-IN COOLER,3,27108.02,2026-05-06,Jul 13 2026,2026-07-11,NY-Westchester
PO-26-01088,Metro FSE,Electrical Panel,1,7808.46,2026-05-09,2026-06-21,Jun 18 2026,NY-Manhattan
PO-24-00422,Metro FSE,Walk-in Cooler,1,25259.50,12/08/2024,02/23/2025,02/25/2025,MA-Burlington
PO-26-01089,ALLIED COMMERCIAL,Induction Range,1,7542.49,2026-05-10,06/07/2026,2026-06-07,NJ-Paramus
PO-26-01090,Harbor Rest. Equip.,Induction Range,6,"$7,660.68",05/11/2026,Jun 15 2026,2026-06-12,NJ-Union
PO-26-01091,Keystone Kitchen Supply,INDUCTION RANGE,7,"7,297 USD",May 11 2026,2026-05-30,2026-06-17,MA-Burlington
PO-26-01092,Northline  Foodservice ,Fryer,19,"$4,121.03",05/11/2026,2026-05-31,2026-06-07,NJ-Union
PO-26-01093,Allied Commercial Inc.,Reach-in Refrigerator,6,"$4,679.19",2026-05-12,2026-06-01,05/29/2026,MA-Burlington
PO-26-01094,HARBOR RESTAURANT EQUIPMENT,Fryer,17,"$4,165.05",2026-05-14,06/03/2026,Jun 02 2026,NJ-Paramus
PO-26-01095,HARBOR RESTAURANT EQUIPMENT,Induction Range,9,"$7,696.58",2026-05-14,06/10/2026,2026-06-10,MA-Burlington
PO-26-01096,METRO FSE,Electrical Panel,9,"$6,850.36",May 15 2026,2026-07-18,2026-07-17,NJ-Paramus
PO-26-01097,Northline Foodservice Inc.,Combi Oven,3,"21,502 USD",2026-05-16,Jul 04 2026,Jul 02 2026,NY-Manhattan
PO-26-01098,NORTHLINE FOODSERVICE,Reach-in Refrigerator,1,5320.91,2026-05-16,06/07/2026,06/05/2026,PA-King of Prussia
PO-26-01099,Harbor Restaurant Equipment,Fryer,15,4010.31,2026-05-17,2026-06-11,Jun 10 2026,PA-King of Prussia
PO-26-01100,NORTHLINE FOODSERVICE,Dish Machine,6,11346.35,05/17/2026,2026-06-24,2026-06-24,NJ-Union
PO-25-00909,NORTHLINE FOODSERVICE,Dish Machine,16,"11,217 USD",12/13/2025,01/20/2026,2026-01-19,PA-King of Prussia
PO-26-01101,SUMMIT EQUIPMENT CO,COMBI OVEN,4,"22,535 USD",2026-05-18,2026-06-27,Jun 24 2026,NJ-Union
PO-26-01102,Allied Commercial Inc.,Stainless Prep Table,6,"$1,019.75",2026-05-18,2026-05-28,Jun 04 2026,MA-Burlington
PO-24-00008,SUMMIT EQUIPMENT CO,Electrical Panel,17,5856.43,2024-01-04,2024-02-16,02/16/2024,NY-Westchester
PO-26-01103,Northline Foodservice,Dish Machine,19,"10,838 USD",05/20/2026,Jun 29 2026,Jul 01 2026,NY-Westchester
PO-26-01104,SUMMIT EQUIPMENT CO,Exhaust Hood,3,"12,137 USD",05/22/2026,2026-07-19,Jul 17 2026,MA-Burlington
PO-26-01105,Summit Equipment Co,Combi Oven,2,21657.27,05/22/2026,07/07/2026,Jul 07 2026,NJ-Paramus
PO-26-01106,Northline Foodservice,Ice Machine,2,3992.76,2026-05-22,2026-06-06,06/08/2026,PA-King of Prussia
PO-26-01107,HARBOR RESTAURANT EQUIPMENT,Ice Machine,3,"4,471 USD",2026-05-24,06/05/2026,2026-06-04,NY-Westchester
PO-26-01108,Harbor Restaurant Equipment,Ice Machine,3,"$4,174.33",2026-05-24,Jun 05 2026,06/02/2026,NY-Westchester
PO-26-01109,Keystone Kitchen Supply,Stainless Prep Table,3,1167.19,2026-05-26,2026-06-07,2026-06-05,NJ-Paramus
PO-26-01110,KEYSTONE KITCHEN SUPPLY,Electrical Panel,2,7261.23,May 28 2026,2026-07-28,Jul 28 2026,NY-Manhattan
PO-26-01111,ALLIED COMMERCIAL,REACH-IN REFRIGERATOR,3,5004.19,05/29/2026,Jun 11 2026,2026-06-11,MA-Burlington
PO-26-01112,HARBOR RESTAURANT EQUIPMENT,Electrical Panel,3,77671.40,05/30/2026,2026-07-22,2026-07-20,NJ-Union
PO-26-01113,Allied Commercial,EXHAUST HOOD,6,"10,185 USD",05/31/2026,Jul 15 2026,2026-07-15,NJ-Union
PO-26-01114,Keystone Kitchen Sup.,Electrical Panel,1,"7,494 USD",May 31 2026,2026-07-27,08/05/2026,PA-King of Prussia
PO-26-01115,Summit Equipment Co,Dish Machine,15,12616.47,Jun 01 2026,Jul 10 2026,Jul 08 2026,NY-Westchester
PO-26-01116,Summit Equipment Co.,Stainless Prep Table,2,"$1,329.56",2026-06-01,Jun 12 2026,06/11/2026,NJ-Union
PO-26-01117,Allied Commercial Inc.,Walk-in Cooler,1,"$25,808.72",Jun 02 2026,2026-07-30,2026-08-04,NJ-Union
PO-26-01118,Harbor Restaurant Equipment,Fryer,4,4791.90,2026-06-04,06/23/2026,Jun 21 2026,NJ-Union
PO-26-01119,Northline Foodservice Inc.,Electrical Panel,1,8085.06,06/04/2026,2026-07-20,07/20/2026,NJ-Union
PO-26-01120,Keystone Kitchen Supply LLC,Induction Range,2,"$7,444.90",06/06/2026,06/30/2026,07/04/2026,PA-King of Prussia
PO-26-01121,SUMMIT EQUIPMENT CO,Exhaust Hood,5,"$11,338.53",2026-06-06,07/27/2026,Jul 24 2026,PA-King of Prussia
PO-26-01122,Allied Commercial,Stainless Prep Table,8,"$1,060.90",2026-06-06,2026-06-15,2026-06-15,NY-Westchester
PO-26-01123,Allied Commercial ,Stainless Prep Table,1,1130.66,2026-06-07,2026-06-16,2026-06-16,NY-Manhattan
PO-26-01124,Harbor Rest. Equip.,Combi Oven,5,"$19,462.79",2026-06-07,2026-07-25,2026-07-22,NJ-Paramus
PO-26-01125,NORTHLINE FOODSERVICE,Induction Range,19,6788.86,06/08/2026,2026-07-05,2026-07-03,NY-Manhattan
PO-26-01126,Harbor Restaurant Equipment,Walk-in Cooler,1,"29,067 USD",2026-06-08,Aug 21 2026,2026-08-21,NY-Manhattan
PO-26-01127,Northline Foodservice,INDUCTION RANGE,10,"$7,032.11",2026-06-09,2026-07-09,2026-07-08,NY-Manhattan
PO-26-01128,KEYSTONE KITCHEN SUPPLY,Exhaust Hood,6,10171.50,2026-06-10,2026-08-26,08/28/2026,MA-Burlington
PO-26-01129,Keystone Kitchen Sup.,ELECTRICAL PANEL,6,"$7,242.60",Jun 10 2026,2026-08-03,07/31/2026,NY-Westchester
PO-26-01130,Keystone Kitchen Sup.,Fryer,7,"4,168 USD",Jun 10 2026,2026-07-04,07/03/2026,PA-King of Prussia
PO-24-00047,Metro FSE LLC,Dish Machine,8,"$10,132.59",2024-02-06,Mar 07 2024,Mar 07 2024,NJ-Paramus
PO-26-01131,Northline Foodservice Inc.,Induction Range,7,"7,158 USD",2026-06-13,2026-07-06,Jul 06 2026,NJ-Paramus
PO-26-01132,Metro FSE,Dish Machine,9,"$11,325.06",06/13/2026,2026-07-15,07/12/2026,NY-Manhattan
PO-26-01133,Allied Commercial ,Induction Range,7,"$6,538.79",2026-06-13,07/21/2026,2026-07-19,NY-Manhattan
PO-26-01134,Northline Foodservice Inc.,Induction Range,8,"$6,983.93",Jun 14 2026,Jul 18 2026,07/19/2026,NJ-Paramus
PO-26-01135,Harbor Rest. Equip.,Combi Oven,2,"$22,585.19",2026-06-14,2026-07-23,Jul 23 2026,NJ-Union
PO-26-01136,Keystone Kitchen Sup.,Induction Range,2,7547.19,Jun 22 2026,2026-07-14,2026-07-12,NY-Westchester
PO-26-01137,Summit Equipment Co,Reach-in Refrigerator,8,5690.85,2026-06-23,2026-07-18,07/16/2026,PA-King of Prussia
PO-26-01138,Keystone Kitchen Sup.,Fryer,7,"$3,976.37",2026-06-24,2026-07-12,07/15/2026,PA-King of Prussia
PO-26-01139,Allied Commercial ,Fryer,1,"$4,141.04",06/24/2026,07/17/2026,07/23/2026,NJ-Union
PO-26-01140,Harbor Restaurant Equipment,Electrical Panel,15,"$6,940.02",06/25/2026,2026-08-10,Aug 07 2026,NJ-Union
PO-26-01141,Harbor Restaurant Equipment,Ice Machine,1,4261.25,06/25/2026,2026-07-08,2026-07-07,NJ-Paramus
PO-26-01142,Allied Commercial ,Walk-in Cooler,2,26372.91,06/25/2026,Aug 19 2026,08/21/2026,NY-Westchester
PO-26-01143,Keystone Kitchen Supply LLC,Electrical Panel,4,"$7,560.19",2026-06-27,2026-08-16,2026-09-18,PA-King of Prussia
PO-26-01144,Harbor Restaurant Equipment,Induction Range,9,"$7,994.21",2026-06-27,2026-07-22,Jul 21 2026,MA-Burlington
PO-26-01145,Summit Equipment Co,Stainless Prep Table,22,1084.83,06/27/2026,2026-07-09,Jul 07 2026,PA-King of Prussia
PO-26-01146,Harbor Restaurant Equipment,Exhaust Hood,6,11344.95,2026-06-28,2026-08-23,2026-08-20,NJ-Union
PO-26-01147,Summit Equipment Co.,Ice Machine,3,4411.30,06/28/2026,2026-07-12,Jul 10 2026,NJ-Paramus
PO-26-01148,Metro FSE,Walk-in Cooler,1,"28,631 USD",2026-06-29,08/20/2026,08/17/2026,NJ-Union
PO-26-01149,Metro FSE LLC,Stainless Prep Table,15,1006.53,06/30/2026,07/09/2026,Jul 08 2026,MA-Burlington
PO-26-01150,Summit Equipment Co,Dish Machine,22,11680.93,06/30/2026,07/31/2026,2026-07-31,NJ-Union
